idx,tt_id,old_id,country,sample_size,is_target,posted_limit,frc,length_log,poi_vru_log,pop_log,pop_density_log,school_log,transport_log,geo_sinuosity,geo_curvature,geo_turn_sharp,geo_junction_density,lat,lon,country_TH,c2g_dual_degree,c2g_dual_clustering,c2g_pagerank,c2g_betweenness,c2g_closeness_local,c2g_ego_size,c2g_knn_dist_mean,c2g_radius_count,c2g_emst_degree,c2g_delaunay_degree,c2g_gabriel_degree,c2g_rng_degree,c2g_planar_ratio,v_lanes,v_shoulder,v_roadside_dist,v_roadside_severe,v_roadside_barrier,v_skid,v_lighting,v_calming,v_access,v_service_road,v_emb_00,v_emb_01,v_emb_02,v_emb_03,v_emb_04,v_emb_05,v_emb_06,v_emb_07,v_emb_08,v_emb_09,v_emb_10,v_emb_11,v_emb_12,v_emb_13,v_emb_14,v_emb_15,v_emb_16,v_emb_17,v_emb_18,v_emb_19,v_emb_20,v_emb_21,v_emb_22,v_emb_23,v_emb_24,v_emb_25,v_emb_26,v_emb_27,v_emb_28,v_emb_29,v_emb_30,v_emb_31,has_vision,a_land_use_ds__1,a_land_use_ds__3,a_land_use_ds__4,a_land_use_ds__6,a_land_use_ds__7,a_land_use_ps__1,a_land_use_ps__3,a_land_use_ps__4,a_land_use_ps__6,a_land_use_ps__7,a_roadside_dist_ds__1,a_roadside_dist_ds__2,a_roadside_dist_ds__3,a_roadside_dist_ds__4,a_roadside_obj_ds__1,a_roadside_obj_ds__2,a_roadside_obj_ds__3,a_roadside_obj_ds__8,a_roadside_obj_ds__9,a_roadside_obj_ds__11,a_roadside_obj_ds__12,a_roadside_obj_ds__13,a_roadside_obj_ds__15,a_roadside_obj_ds__17,a_roadside_dist_ps__1,a_roadside_dist_ps__2,a_roadside_dist_ps__3,a_roadside_dist_ps__4,a_roadside_obj_ps__1,a_roadside_obj_ps__2,a_roadside_obj_ps__3,a_roadside_obj_ps__8,a_roadside_obj_ps__9,a_roadside_obj_ps__11,a_roadside_obj_ps__12,a_roadside_obj_ps__13,a_roadside_obj_ps__15,a_roadside_obj_ps__17,a_shoulder_rumble__1,a_shoulder_rumble__2,a_paved_shoulder_ds__1,a_paved_shoulder_ds__2,a_paved_shoulder_ds__3,a_paved_shoulder_ds__4,a_paved_shoulder_ps__1,a_paved_shoulder_ps__2,a_paved_shoulder_ps__3,a_paved_shoulder_ps__4,a_property_access__1,a_property_access__3,a_property_access__4,a_lanes__2,a_lanes__3,a_lanes__4,a_curvature__1,a_curvature__2,a_skid_resistance__1,a_skid_resistance__2,a_delineation__1,a_delineation__2,a_street_lighting__1,a_street_lighting__2,a_ped_fencing__1,a_ped_fencing__2,a_traffic_calming__1,a_traffic_calming__2,a_parking__1,a_parking__2,a_service_road__1,a_service_road__2
0,MH-13560329020259,MH-3022,MH,7441,0,55,2,5.4301347911682232,2.4932054526026954,7.07199371580817,3.2007080076091414,1.9459101490553132,0.69314718055994529,1,0,0,8.8207345786978451,19.604770000000002,74.802485000000004,0,1,0,3.6579006666900766e-05,0,0.5,2,2352.6214404136126,1,3,6,2,3,0.5,,,,,,,,,,,,,,,,,,,,,,,,,,,,,,,,,,,,,,,,,,,0,,,,,,,,,,,,,,,,,,,,,,,,,,,,,,,,,,,,,,,,,,,,,,,,,,,,,,,,,,,,,,,,,,,,,,
1,MH--13560329020259,MH-3022,MH,6941,0,55,2,5.4301347911682232,2.4932054526026954,7.07199371580817,3.2007080076091414,1.9459101490553132,0.69314718055994529,1,0,0,8.8207345786978451,19.604770000000002,74.802485000000004,0,1,0,3.6579006666900766e-05,0,0.5,2,2352.6214404136126,1,0,0,0,0,,,,,,,,,,,,,,,,,,,,,,,,,,,,,,,,,,,,,,,,,,,,0,,,,,,,,,,,,,,,,,,,,,,,,,,,,,,,,,,,,,,,,,,,,,,,,,,,,,,,,,,,,,,,,,,,,,,
2,MH-13560342653338,MH-615,MH,111,0,55,4,7.53844710044834,1.0986122886681096,6.8544741931802831,2.0813965495799089,0.69314718055994529,0.69314718055994529,1.0036016780008428,0.00018042133248074015,0,2.1317830337156001,19.575645833333336,74.786611666666658,0,3,1,3.6579006666900766e-05,0,0.75,4,2917.2975709758825,1,2,7,4,2,0.2857142857142857,,,,,,,,,,,,,,,,,,,,,,,,,,,,,,,,,,,,,,,,,,,0,,,,,,,,,,,,,,,,,,,,,,,,,,,,,,,,,,,,,,,,,,,,,,,,,,,,,,,,,,,,,,,,,,,,,,
3,MH-13560329334905,MH-615,MH,175,0,55,4,4.4728951466782725,1.0986122886681096,5.3238972713197361,2.4167258396417757,0.69314718055994529,0.69314718055994529,1,0,0,45.811092319092118,19.579219999999999,74.795565000000011,0,3,1,3.6579006666900766e-05,0,0.75,4,2680.2592077983636,1,2,5,2,2,0.40000000000000002,,,,,,,,,,,,,,,,,,,,,,,,,,,,,,,,,,,,,,,,,,,0,,,,,,,,,,,,,,,,,,,,,,,,,,,,,,,,,,,,,,,,,,,,,,,,,,,,,,,,,,,,,,,,,,,,,,
4,MH--13560329334905,MH-615,MH,154,0,55,4,4.4728951466782725,1.0986122886681096,5.3238972713197361,2.4167258396417757,0.69314718055994529,0.69314718055994529,1,0,0,45.811092319092118,19.579219999999999,74.795565000000011,0,3,1,3.6579006666900766e-05,0,0.75,4,2680.2592077983636,1,0,0,0,0,,,,,,,,,,,,,,,,,,,,,,,,,,,,,,,,,,,,,,,,,,,,0,,,,,,,,,,,,,,,,,,,,,,,,,,,,,,,,,,,,,,,,,,,,,,,,,,,,,,,,,,,,,,,,,,,,,,
5,MH--13560342653338,MH-615,MH,98,0,55,4,7.53844710044834,1.0986122886681096,6.8544741931802831,2.0813965495799089,0.69314718055994529,0.69314718055994529,1.0036016780008425,0.00018042133248074018,0,2.1317830337156005,19.575645833333333,74.786611666666673,0,3,1,3.6579006666900766e-05,0,0.75,4,2917.2975709758825,1,0,0,0,0,,,,,,,,,,,,,,,,,,,,,,,,,,,,,,,,,,,,,,,,,,,,0,,,,,,,,,,,,,,,,,,,,,,,,,,,,,,,,,,,,,,,,,,,,,,,,,,,,,,,,,,,,,,,,,,,,,,
6,MH--13560331654226,MH-226,MH,120,0,55,5,5.7987289519651544,0.91629073187415511,6.0194121707528669,2.0737830389598262,0.69314718055994529,0,1.0009388671191786,0.00040636182042892661,0,18.275359943493829,19.623187999999999,74.815830000000005,0,5,0.59999999999999998,3.6579006666900766e-05,0,0.625,8,572.03367107148085,5,0,0,0,0,,,,,,,,,,,,,,,,,,,,,,,,,,,,,,,,,,,,,,,,,,,,0,,,,,,,,,,,,,,,,,,,,,,,,,,,,,,,,,,,,,,,,,,,,,,,,,,,,,,,,,,,,,,,,,,,,,,
7,MH--13560331677067,MH-226,MH,114,0,55,5,5.9024967120472365,0.91629073187415511,5.8506012158404292,1.9274433607948243,0.69314718055994529,0,1.0011786610519298,0.00055917426365718827,0,16.412441544745572,19.624312,74.81883400000001,0,5,0.59999999999999998,3.6579006666900766e-05,0,0.625,8,524.7777399368432,7,0,0,0,0,,,,,,,,,,,,,,,,,,,,,,,,,,,,,,,,,,,,,,,,,,,,0,,,,,,,,,,,,,,,,,,,,,,,,,,,,,,,,,,,,,,,,,,,,,,,,,,,,,,,,,,,,,,,,,,,,,,
8,MH-13560331677067,MH-226,MH,100,0,55,5,5.9024967120472365,0.91629073187415511,5.8506012158404292,1.9274433607948243,0.69314718055994529,0,1.0011786610519298,0.00055917426365718827,0,16.412441544745576,19.624311999999996,74.81883400000001,0,5,0.59999999999999998,3.6579006666900766e-05,0,0.625,8,524.7777399368432,7,2,8,2,2,0.25,,,,,,,,,,,,,,,,,,,,,,,,,,,,,,,,,,,,,,,,,,,0,,,,,,,,,,,,,,,,,,,,,,,,,,,,,,,,,,,,,,,,,,,,,,,,,,,,,,,,,,,,,,,,,,,,,,
9,MH-13560331654226,MH-226,MH,110,0,55,5,5.7987289519651544,0.91629073187415511,6.0194121707528669,2.0737830389598262,0.69314718055994529,0,1.0009388671191786,0.00040636182042892667,0,18.275359943493832,19.623187999999999,74.815830000000005,0,5,0.59999999999999998,3.6579006666900766e-05,0,0.625,8,572.03367107148085,5,3,3,2,3,1,,,,,,,,,,,,,,,,,,,,,,,,,,,,,,,,,,,,,,,,,,,0,,,,,,,,,,,,,,,,,,,,,,,,,,,,,,,,,,,,,,,,,,,,,,,,,,,,,,,,,,,,,,,,,,,,,,
10,MH-13560333624252,,MH,47,0,55,5,6.5777222659898253,,6.6773576309426677,2.5121717006262521,,,1.0012286076207351,0.00018127515294878623,0,5.5704153868150925,19.627636000000003,74.900795999999985,0,3,1,3.6579006666900766e-05,0,0.75,4,2481.6452072324273,3,0,0,0,0,,,,,,,,,,,,,,,,,,,,,,,,,,,,,,,,,,,,,,,,,,,,0,,,,,,,,,,,,,,,,,,,,,,,,,,,,,,,,,,,,,,,,,,,,,,,,,,,,,,,,,,,,,,,,,,,,,,
11,MH--13560333624252,,MH,53,0,55,5,6.5777222659898253,,6.6773576309426677,2.5121717006262521,,,1.0012286076207351,0.00018127515294878623,0,5.5704153868150925,19.627636000000003,74.900796,0,3,1,3.6579006666900766e-05,0,0.75,4,2481.6452072324273,3,1,9,1,2,0.22222222222222221,,,,,,,,,,,,,,,,,,,,,,,,,,,,,,,,,,,,,,,,,,,0,,,,,,,,,,,,,,,,,,,,,,,,,,,,,,,,,,,,,,,,,,,,,,,,,,,,,,,,,,,,,,,,,,,,,,
12,MH-13560329112369,,MH,1431,0,55,3,3.4812400893356918,,7.1029615078582165,3.5752000229461052,,,1.0000578011350234,0.00077742486400501822,0,512.66889375380185,19.662609999999997,74.702636666666663,0,3,0.33333333333333331,3.503686072546602e-05,0,0.29999999999999999,10,58.285545932834886,14,2,4,1,2,0.5,,,,,,,,,,,,,,,,,,,,,,,,,,,,,,,,,,,,,,,,,,,0,,,,,,,,,,,,,,,,,,,,,,,,,,,,,,,,,,,,,,,,,,,,,,,,,,,,,,,,,,,,,,,,,,,,,,
13,MH-13560329177648,,MH,1421,0,55,3,2.4423470353692043,,7.1708641142559202,3.5872419562397528,,,1,0,0,1100,19.662750000000003,74.702474999999993,0,5,0.40000000000000002,4.3775687726929557e-05,0,0.45454545454545453,11,52.318135559194985,14,2,5,0,2,0.40000000000000002,,,,,,,,,,,,,,,,,,,,,,,,,,,,,,,,,,,,,,,,,,,0,,,,,,,,,,,,,,,,,,,,,,,,,,,,,,,,,,,,,,,,,,,,,,,,,,,,,,,,,,,,,,,,,,,,,,
14,MH-13560329254566,,MH,1417,0,55,3,2.9172300453990334,,7.1391049769942763,3.5563513316078352,,,1,0,0,1000,19.662835000000001,74.702374999999989,0,5,0.59999999999999998,3.8121152608335511e-05,0,0.45454545454545453,11,52.283322792222961,14,0,0,0,0,,,,,,,,,,,,,,,,,,,,,,,,,,,,,,,,,,,,,,,,,,,,0,,,,,,,,,,,,,,,,,,,,,,,,,,,,,,,,,,,,,,,,,,,,,,,,,,,,,,,,,,,,,,,,,,,,,,
15,MH-13560329350567,,MH,1379,0,55,3,3.947583180826697,,7.1829959601591016,3.5233026018402067,,,1.0162978576056141,0.0083582999329055649,0,258.50850141025251,19.663060000000002,74.702157499999998,0,5,0.59999999999999998,4.480378502121938e-05,0,0.625,8,70.9367496993695,14,0,0,0,0,,,,,,,,,,,,,,,,,,,,,,,,,,,,,,,,,,,,,,,,,,,,0,,,,,,,,,,,,,,,,,,,,,,,,,,,,,,,,,,,,,,,,,,,,,,,,,,,,,,,,,,,,,,,,,,,,,,
16,MH--13560329350567,,MH,1415,0,55,3,3.947583180826697,,7.1829959601591016,3.5233026018402067,,,1.0162978576056141,0.0083582999329055649,0,258.50850141025251,19.663060000000002,74.702157499999998,0,5,0.59999999999999998,4.480378502121938e-05,0,0.625,8,70.9367496993695,14,2,6,2,2,0.33333333333333331,,,,,,,,,,,,,,,,,,,,,,,,,,,,,,,,,,,,,,,,,,,0,,,,,,,,,,,,,,,,,,,,,,,,,,,,,,,,,,,,,,,,,,,,,,,,,,,,,,,,,,,,,,,,,,,,,,
17,MH--13560329254566,,MH,1435,0,55,3,2.9172300453990334,,7.1391049769942763,3.5563513316078352,,,1,0,0,1000,19.662835000000001,74.702374999999989,0,5,0.59999999999999998,3.8121152608335511e-05,0,0.45454545454545453,11,52.283322792222961,14,2,3,1,2,0.66666666666666663,,,,,,,,,,,,,,,,,,,,,,,,,,,,,,,,,,,,,,,,,,,0,,,,,,,,,,,,,,,,,,,,,,,,,,,,,,,,,,,,,,,,,,,,,,,,,,,,,,,,,,,,,,,,,,,,,,
18,MH--13560331523242,,MH,47,0,32,5,5.6740789952827582,,6.4649519168002723,2.5725164198602997,,,1.0605804714912446,0.003962497865629599,0,6.8889441368306077,19.637486666666668,74.830441666666673,0,2,1,2.115754725255336e-05,0,0.40000000000000002,5,748.6893309548949,4,2,5,0,2,0.40000000000000002,,,,,,,,,,,,,,,,,,,,,,,,,,,,,,,,,,,,,,,,,,,0,,,,,,,,,,,,,,,,,,,,,,,,,,,,,,,,,,,,,,,,,,,,,,,,,,,,,,,,,,,,,,,,,,,,,,
19,MH--13560331681749,,MH,55,0,34,5,5.645694216880635,,6.9733313900354252,2.9813966780122878,,,1.0023416096200359,0.0013162276419686671,0,17.752402770894118,19.635044000000001,74.831955999999991,0,4,0.66666666666666663,4.1205444491204988e-05,0,0.5714285714285714,7,653.45837443251651,4,0,0,0,0,,,,,,,,,,,,,,,,,,,,,,,,,,,,,,,,,,,,,,,,,,,,0,,,,,,,,,,,,,,,,,,,,,,,,,,,,,,,,,,,,,,,,,,,,,,,,,,,,,,,,,,,,,,,,,,,,,,
20,MH-13560331681749,,MH,49,0,32,5,5.645694216880635,,6.9733313900354252,2.9813966780122878,,,1.0023416096200359,0.0013162276419686671,0,17.752402770894118,19.635044000000001,74.831955999999991,0,4,0.66666666666666663,4.1205444491204988e-05,0,0.5714285714285714,7,653.45837443251651,4,3,4,2,3,0.75,,,,,,,,,,,,,,,,,,,,,,,,,,,,,,,,,,,,,,,,,,,0,,,,,,,,,,,,,,,,,,,,,,,,,,,,,,,,,,,,,,,,,,,,,,,,,,,,,,,,,,,,,,,,,,,,,,
21,MH-13560333625517,MH-47,MH,62,0,55,5,6.1458794777322083,0,6.8719747388112431,2.776343399480572,0,0,1.0104466120345839,0.00085955477981033328,0,12.900761814818649,19.635182857142858,74.833835714285712,0,5,0.59999999999999998,4.7888076904088864e-05,0,0.7142857142857143,7,668.32090061193549,6,2,6,2,2,0.33333333333333331,,,,,,,,,,,,,,,,,,,,,,,,,,,,,,,,,,,,,,,,,,,0,,,,,,,,,,,,,,,,,,,,,,,,,,,,,,,,,,,,,,,,,,,,,,,,,,,,,,,,,,,,,,,,,,,,,,
22,MH-13560333611236,MH-47,MH,55,0,55,5,5.8096728499136336,0,6.4504854284660649,2.5250149337837038,0,0,1.0004325393103217,0.00024170733953037975,0,12.019935780589151,19.637987500000001,74.837005000000005,0,3,1,2.8354228312582148e-05,0,0.5,6,893.60430074412352,3,2,5,3,2,0.40000000000000002,,,,,,,,,,,,,,,,,,,,,,,,,,,,,,,,,,,,,,,,,,,0,,,,,,,,,,,,,,,,,,,,,,,,,,,,,,,,,,,,,,,,,,,,,,,,,,,,,,,,,,,,,,,,,,,,,,
23,MH--13560333611236,MH-47,MH,46,0,55,5,5.8096728499136336,0,6.4504854284660649,2.5250149337837038,0,0,1.0004325393103217,0.00024170733953037975,0,12.019935780589151,19.637987500000001,74.837005000000005,0,3,1,2.8354228312582148e-05,0,0.5,6,893.60430074412352,3,0,0,0,0,,,,,,,,,,,,,,,,,,,,,,,,,,,,,,,,,,,,,,,,,,,,0,,,,,,,,,,,,,,,,,,,,,,,,,,,,,,,,,,,,,,,,,,,,,,,,,,,,,,,,,,,,,,,,,,,,,,
24,MH--13560333625517,MH-47,MH,54,0,55,5,6.1458794777322083,0,6.8719747388112431,2.776343399480572,0,0,1.0104466120345839,0.00085955477981033328,0,12.900761814818649,19.635182857142858,74.83383571428574,0,5,0.59999999999999998,4.7888076904088857e-05,0,0.7142857142857143,7,668.32090061193549,6,0,0,0,0,,,,,,,,,,,,,,,,,,,,,,,,,,,,,,,,,,,,,,,,,,,,0,,,,,,,,,,,,,,,,,,,,,,,,,,,,,,,,,,,,,,,,,,,,,,,,,,,,,,,,,,,,,,,,,,,,,,
25,MH-13560299660855,MH-100,MH,36,1,55,4,6.2211069351620214,0,6.495483667749081,2.3461157437002065,0,0,1.0368910068723498,0.0018356951726681621,0,7.9733961073575088,19.668406666666662,74.819482222222234,0,3,1,3.6579006666900766e-05,0,0.75,4,2091.9146218163128,3,0,0,0,0,,,,,,,,,,,,,,,,,,,,,,,,,,,,,,,,,,,,,,,,,,,,0,,,,,,,,,,,,,,,,,,,,,,,,,,,,,,,,,,,,,,,,,,,,,,,,,,,,,,,,,,,,,,,,,,,,,,
26,MH--13560223395529,MH-100,MH,68,1,55,4,5.8442687922894017,0,6.8978203635563,2.9265298196641885,0,0,1.0196151518897605,0.0049033703981592978,0,11.629543079693779,19.666494615384611,74.821614615384618,0,3,1,3.6579006666900766e-05,0,0.75,4,1923.0208459743476,3,0,0,0,0,,,,,,,,,,,,,,,,,,,,,,,,,,,,,,,,,,,,,,,,,,,,0,,,,,,,,,,,,,,,,,,,,,,,,,,,,,,,,,,,,,,,,,,,,,,,,,,,,,,,,,,,,,,,,,,,,,,
27,MH-13560223395529,MH-100,MH,87,1,55,4,5.8442687922894017,0,6.8978203635563,2.9265298196641885,0,0,1.0196151518897609,0.004903370398159297,0,11.629543079693775,19.666494615384615,74.821614615384618,0,3,1,3.6579006666900766e-05,0,0.75,4,1923.0208459743476,3,3,5,1,3,0.59999999999999998,,,,,,,,,,,,,,,,,,,,,,,,,,,,,,,,,,,,,,,,,,,0,,,,,,,,,,,,,,,,,,,,,,,,,,,,,,,,,,,,,,,,,,,,,,,,,,,,,,,,,,,,,,,,,,,,,,
28,MH--13560329282892,,MH,30,0,55,5,6.4479870884573103,,5.9046656640130237,2.0669692486045013,,,1.0014442479129124,0.00059511085553169186,0,3.177429107985283,19.671904000000001,74.841035000000005,0,1,0,3.6579006666900766e-05,0,0.5,2,2564.9082706061508,1,1,10,2,1,0.10000000000000001,,,,,,,,,,,,,,,,,,,,,,,,,,,,,,,,,,,,,,,,,,,0,,,,,,,,,,,,,,,,,,,,,,,,,,,,,,,,,,,,,,,,,,,,,,,,,,,,,,,,,,,,,,,,,,,,,,
29,MH-13560329282892,,MH,43,0,55,5,6.4479870884573103,,5.9046656640130237,2.0669692486045013,,,1.0014442479129126,0.00059511085553169175,0,3.1774291079852826,19.671904000000001,74.841035000000005,0,1,0,3.6579006666900766e-05,0,0.5,2,2564.9082706061508,1,0,0,0,0,,,,,,,,,,,,,,,,,,,,,,,,,,,,,,,,,,,,,,,,,,,,0,,,,,,,,,,,,,,,,,,,,,,,,,,,,,,,,,,,,,,,,,,,,,,,,,,,,,,,,,,,,,,,,,,,,,,
30,MH--13560329035379,,MH,83,0,55,5,6.8563251331255879,,6.5944981889530929,2.0989340714866338,,,1.0610694095748485,0.0019957559469541831,1,2.1096202167565887,19.650898888888889,74.894093333333345,0,1,0,3.6579006666900766e-05,0,0.5,2,2698.3365002487885,1,0,0,0,0,,,,,,,,,,,,,,,,,,,,,,,,,,,,,,,,,,,,,,,,,,,,0,,,,,,,,,,,,,,,,,,,,,,,,,,,,,,,,,,,,,,,,,,,,,,,,,,,,,,,,,,,,,,,,,,,,,,
31,MH-13560329035379,,MH,81,0,55,5,6.8563251331255879,,6.5944981889530929,2.0989340714866338,,,1.0610694095748485,0.0019957559469541836,1,2.1096202167565887,19.650898888888889,74.894093333333331,0,1,0,3.6579006666900766e-05,0,0.5,2,2698.3365002487885,1,2,7,2,3,0.42857142857142855,,,,,,,,,,,,,,,,,,,,,,,,,,,,,,,,,,,,,,,,,,,0,,,,,,,,,,,,,,,,,,,,,,,,,,,,,,,,,,,,,,,,,,,,,,,,,,,,,,,,,,,,,,,,,,,,,,
32,MH-13560329129251,MH-533,MH,388,0,55,4,5.457839309564922,0.69314718055994529,7.1488466678063647,3.2186020778358126,0,0.69314718055994529,1.0015041487605758,0.00085455949996675145,0,8.5732995092767013,19.6617575,74.763469999999998,0,1,0,3.6579006666900766e-05,0,0.5,2,4166.6167533761181,1,2,8,2,2,0.25,,,,,,,,,,,,,,,,,,,,,,,,,,,,,,,,,,,,,,,,,,,0,,,,,,,,,,,,,,,,,,,,,,,,,,,,,,,,,,,,,,,,,,,,,,,,,,,,,,,,,,,,,,,,,,,,,,
33,MH--13560329129251,MH-533,MH,413,0,55,4,5.457839309564922,0.69314718055994529,7.1488466678063647,3.2186020778358126,0,0.69314718055994529,1.0015041487605758,0.00085455949996675145,0,8.5732995092767013,19.6617575,74.763469999999984,0,1,0,3.6579006666900766e-05,0,0.5,2,4166.6167533761181,1,0,0,0,0,,,,,,,,,,,,,,,,,,,,,,,,,,,,,,,,,,,,,,,,,,,,0,,,,,,,,,,,,,,,,,,,,,,,,,,,,,,,,,,,,,,,,,,,,,,,,,,,,,,,,,,,,,,,,,,,,,,
34,MH-13560333630783,MH-290,MH,232,0,55,4,4.2143473546167973,0,6.8635216194747954,3.1909082376017985,0,0,1.000098645440689,0.00080836964259961509,0,90.156977143979347,19.705699999999997,74.721743333333336,0,3,1,3.6579006666900766e-05,0,0.75,4,1844.8831354407396,3,2,4,2,3,0.75,,,,,,,,,,,,,,,,,,,,,,,,,,,,,,,,,,,,,,,,,,,0,,,,,,,,,,,,,,,,,,,,,,,,,,,,,,,,,,,,,,,,,,,,,,,,,,,,,,,,,,,,,,,,,,,,,,
35,MH-13560329039987,MH-290,MH,241,0,55,4,2.4265710727750367,0,6.7293912573728827,3.213878000876373,0,0,1,0,0,500,19.705930000000002,74.721875000000011,0,3,1,3.6579006666900766e-05,0,0.75,4,1864.0199126641758,3,2,5,2,2,0.40000000000000002,,,,,,,,,,,,,,,,,,,,,,,,,,,,,,,,,,,,,,,,,,,0,,,,,,,,,,,,,,,,,,,,,,,,,,,,,,,,,,,,,,,,,,,,,,,,,,,,,,,,,,,,,,,,,,,,,,
36,MH--13560329039987,MH-290,MH,256,0,55,4,2.4265710727750367,0,6.7293912573728827,3.213878000876373,0,0,1,0,0,500,19.705930000000002,74.721875000000011,0,3,1,3.6579006666900766e-05,0,0.75,4,1864.0199126641758,3,0,0,0,0,,,,,,,,,,,,,,,,,,,,,,,,,,,,,,,,,,,,,,,,,,,,0,,,,,,,,,,,,,,,,,,,,,,,,,,,,,,,,,,,,,,,,,,,,,,,,,,,,,,,,,,,,,,,,,,,,,,
37,MH--13560333630783,MH-290,MH,249,0,55,4,4.2143473546167973,0,6.8635216194747954,3.1909082376017985,0,0,1.000098645440689,0.00080836964259961509,0,90.156977143979347,19.7057,74.721743333333336,0,3,1,3.6579006666900766e-05,0,0.75,4,1844.8831354407396,3,0,0,0,0,,,,,,,,,,,,,,,,,,,,,,,,,,,,,,,,,,,,,,,,,,,,0,,,,,,,,,,,,,,,,,,,,,,,,,,,,,,,,,,,,,,,,,,,,,,,,,,,,,,,,,,,,,,,,,,,,,,
38,MH-13560329038059,,MH,984,0,55,3,6.7980073750186367,,7.9244853183920343,3.3354001468013048,,,1.00122012155819,0.00015839153993508565,0,2.2356112119459066,19.671826000000003,74.705188000000007,0,1,0,3.6579006666900766e-05,0,0.5,2,914.95352923267433,1,2,9,4,2,0.22222222222222221,,,,,,,,,,,,,,,,,,,,,,,,,,,,,,,,,,,,,,,,,,,0,,,,,,,,,,,,,,,,,,,,,,,,,,,,,,,,,,,,,,,,,,,,,,,,,,,,,,,,,,,,,,,,,,,,,,
39,MH--13560329038059,,MH,1155,0,55,3,6.7980073750186367,,7.9244853183920343,3.3354001468013048,,,1.00122012155819,0.00015839153993508565,0,2.2356112119459066,19.671825999999999,74.705187999999993,0,1,0,3.6579006666900766e-05,0,0.5,2,914.95352923267433,1,0,0,0,0,,,,,,,,,,,,,,,,,,,,,,,,,,,,,,,,,,,,,,,,,,,,0,,,,,,,,,,,,,,,,,,,,,,,,,,,,,,,,,,,,,,,,,,,,,,,,,,,,,,,,,,,,,,,,,,,,,,
40,TH-17640059106210,TH-19218,TH,133908,0,90,4,6.463201049062171,0.53062825106217038,5.9995061332954984,1.985795138941463,0,0,1.0537024138727686,0.0028303340801658712,0,3.1271858896194829,9.0728952173913058,99.228776956521756,1,1,0,7.6189661112623168e-05,0,0.5,2,2829.2517317360271,1,1,6,4,3,0.5,2.3843002392137138,1.8333333333333333,0,0.80000000000000004,0.53333333333333333,0.13333333333333333,0.80000000000000004,0,1.3999999999999999,0.66666666666666663,-0.11914787441492081,-0.099302209913730621,-0.076774083077907562,0.13287334144115448,-0.062748603522777557,-0.025630500167608261,-0.017234554514288902,0.055418599396944046,-0.015082764439284801,-0.019065303727984428,0.0063284779898822308,-0.017978588119149208,0.013831428252160549,-0.015066423453390598,-0.04024779424071312,0.057750880718231201,-0.00085472030332311988,0.028309296816587448,-0.016948513686656952,0.0097729768604040146,-0.017507532611489296,-0.025842253118753433,0.0028518859762698412,0.041340097784996033,-0.013357573188841343,-0.0036694684531539679,0.011187962256371975,0.025039609521627426,-0.016383469104766846,0.022294266149401665,0.024481948465108871,0.018329756334424019,1,0.78132951259613037,0.093117199838161469,0.016692180186510086,0.063309095799922943,0.045551978051662445,0.7570725679397583,0.21618975698947906,0.0013444203650578856,0.008516223169863224,0.016877025365829468,0.21150919795036316,0.24020975828170776,0.43166795372962952,0.11661309748888016,0.0016827603103592992,0.00036912880023010075,0.019436424598097801,0.026386799290776253,0.057088721543550491,0.05328836664557457,0.50526887178421021,0.17962346971035004,0.10162255167961121,0.055232923477888107,0.18081276118755341,0.67282748222351074,0.073435425758361816,0.07292436808347702,0.0050176610238850117,0.00018136805738322437,0.047477368265390396,0.11224998533725739,0.082498341798782349,0.09017663449048996,0.043332256376743317,0.1284802109003067,0.45768934488296509,0.032896809279918671,0.7640957236289978,0.23590424656867981,0.0028743359725922346,0.3619275689125061,0.5999685525894165,0.03522958979010582,0.037053856998682022,0.18874754011631012,0.65149277448654175,0.12270582467317581,0.71064448356628418,0.14821107685565948,0.14114445447921753,0.37782534956932068,0.063134349882602692,0.55904030799865723,0.22483284771442413,0.77516716718673706,0.69507879018783569,0.30492123961448669,0.65427076816558838,0.34572926163673401,0.75670832395553589,0.24329164624214172,0.80556070804595947,0.19443932175636292,0.56433868408203125,0.43566128611564636,0.79056167602539062,0.20943835377693176,0.99993807077407837,6.1938633734825999e-05
41,TH-17640058236366,TH-19351,TH,434498,1,50,2,6.0561749284767377,2.5336968139574321,5.917382589796679,1.9151706975240947,0.69314718055994529,0,1.0597875615162462,0.001856136002705556,0,0,9.1134909999999998,99.260270000000006,1,0,0,1.9015403338180123e-05,0,,0,1998.3946943744784,0,2,6,1,2,0.33333333333333331,2.6229623636214336,1.6666666666666667,0,1,1,0.33333333333333331,0.66666666666666663,0,1,0.66666666666666663,0.0052864453755319118,-0.093950368463993073,0.010099763981997967,0.13061369955539703,-0.090054847300052643,-0.046737056225538254,-0.04209991917014122,0.056738894432783127,-0.020277276635169983,-0.0018558334559202194,-0.061085253953933716,0.0090001719072461128,0.0044326768256723881,-0.10413048416376114,-0.07337961345911026,0.014346126466989517,0.01520866621285677,0.02503805048763752,-0.078026711940765381,0.019368065521121025,0.051499366760253906,-0.012779068201780319,-0.084098875522613525,0.058994900435209274,-0.018629401922225952,-0.019948596134781837,0.053231928497552872,-0.026634639129042625,0.056149501353502274,0.010324439965188503,0.041928578168153763,-0.0053159794770181179,1,0.31749227643013,0.44018921256065369,0.038460291922092438,0.10295603424310684,0.10090219229459763,0.40748283267021179,0.53880995512008667,0.0047653154470026493,0.010207886807620525,0.038734052330255508,0.36550828814506531,0.078880511224269867,0.43305400013923645,0.12255718559026718,0.0012696875492110848,0.0008661895408295095,0.0275080855935812,0.062926173210144043,0.056282564997673035,0.068855859339237213,0.54505592584609985,0.1693575382232666,0.046030819416046143,0.021847143769264221,0.38800153136253357,0.45866057276725769,0.13685695827007294,0.016480950638651848,0.00080178416101261973,0.00042021521949209273,0.027360698208212852,0.025129357352852821,0.012926571071147919,0.031613554805517197,0.021793032065033913,0.054963927716016769,0.81258392333984375,0.01240698155015707,0.82563894987106323,0.17436105012893677,0.0013490909477695823,0.12874177098274231,0.85198116302490234,0.017927946522831917,0.045726031064987183,0.071060642600059509,0.73357313871383667,0.14964015781879425,0.44122493267059326,0.21156708896160126,0.34720799326896667,0.22046972811222076,0.00010193316848017275,0.77942830324172974,0.099453948438167572,0.90054607391357422,0.12327146530151367,0.87672853469848633,0.51734399795532227,0.48265600204467773,0.42766165733337402,0.57233834266662598,0.809040367603302,0.1909596174955368,0.50221902132034302,0.49778094887733459,0.78964978456497192,0.21035020053386688,0.99870282411575317,0.0012971283867955208
42,TH-17640065005429,TH-330,TH,1561322,0,80,3,4.8935020472813688,4.5890408040582074,6.9995089137281852,3.2759107548877071,2.0794415416798357,1.6094379124341003,1.0000793342719132,0.00068806300541125721,0,15.110707298288611,13.731964,100.53750600000001,1,0,0,1.9015403338180123e-05,0,,0,565.56495394074932,3,2,10,5,2,0.20000000000000001,3.2683104633136679,1,0,1,0,0,1,0,3,0,0.11756598204374313,0.12109231203794479,0.17876890301704407,0.10223638266324997,-0.071493826806545258,-0.10514858365058899,0.15680874884128571,-0.025742119178175926,0.026233430951833725,0.066136583685874939,-0.091191224753856659,0.032837338745594025,0.057019494473934174,0.081323340535163879,-0.058575637638568878,-0.013419684022665024,-0.0023190192878246307,0.029093248769640923,-0.068949602544307709,0.019124802201986313,0.0084479823708534241,0.018183961510658264,0.030278638005256653,-0.037353299558162689,0.042157977819442749,0.0023967381566762924,0.0047994027845561504,-0.07583608478307724,-0.024016395211219788,0.028059650212526321,-0.018051173537969589,0.017443852499127388,1,0.60379362106323242,0.13787335157394409,0.060055859386920929,0.081349849700927734,0.11692734062671661,0.3186720609664917,0.20528271794319153,0.23834353685379028,0.080343551933765411,0.15735816955566406,0.21671201288700104,0.10693682730197906,0.5867462158203125,0.089604943990707397,0.00011185009498149157,0.016646977514028549,0.036529149860143661,0.0048325522802770138,0.047875389456748962,0.1914166659116745,0.17400704324245453,0.15650208294391632,0.17786720395088196,0.19421108067035675,0.17167121171951294,0.17744266986846924,0.07220131903886795,0.57868480682373047,0.00059498200425878167,0.0004480105999391526,0.14459449052810669,0.0068256519734859467,0.053728185594081879,0.11425372958183289,0.045990917831659317,0.081538408994674683,0.21426971256732941,0.33775591850280762,0.37053656578063965,0.62946343421936035,0.14478302001953125,0.30979204177856445,0.48416569828987122,0.061259262263774872,0.0028933645226061344,0.020787525922060013,0.95167982578277588,0.024639245122671127,0.99532228708267212,0.004530198872089386,0.00014752418792340904,0.18825453519821167,0.043982230126857758,0.76776325702667236,0.25360706448554993,0.74639296531677246,0.79400801658630371,0.2059919685125351,0.70769160985946655,0.29230839014053345,0.11498191207647324,0.88501811027526855,0.74887329339981079,0.25112670660018921,0.46757030487060547,0.53242969512939453,0.37678259611129761,0.62321740388870239,0.9999997615814209,2.293464262947964e-07
43,TH-17640065007466,TH-330,TH,1818394,0,80,3,4.9001505609209834,4.5890408040582074,6.9668697958960371,3.2671186505250338,2.0794415416798357,1.6094379124341003,1.0000994072606473,0.0007377622159655627,0,14.950305336399161,13.731908000000001,100.53765200000001,1,0,0,1.9015403338180123e-05,0,,0,559.41338746489168,3,2,5,2,2,0.40000000000000002,3.2683104633136679,1,0,1,0,0,1,0,3,0,0.11756598204374313,0.12109231203794479,0.17876890301704407,0.10223638266324997,-0.071493826806545258,-0.10514858365058899,0.15680874884128571,-0.025742119178175926,0.026233430951833725,0.066136583685874939,-0.091191224753856659,0.032837338745594025,0.057019494473934174,0.081323340535163879,-0.058575637638568878,-0.013419684022665024,-0.0023190192878246307,0.029093248769640923,-0.068949602544307709,0.019124802201986313,0.0084479823708534241,0.018183961510658264,0.030278638005256653,-0.037353299558162689,0.042157977819442749,0.0023967381566762924,0.0047994027845561504,-0.07583608478307724,-0.024016395211219788,0.028059650212526321,-0.018051173537969589,0.017443852499127388,1,0.60379362106323242,0.13787335157394409,0.060055859386920929,0.081349849700927734,0.11692734062671661,0.3186720609664917,0.20528271794319153,0.23834353685379028,0.080343551933765411,0.15735816955566406,0.21671201288700104,0.10693682730197906,0.5867462158203125,0.089604943990707397,0.00011185009498149157,0.016646977514028549,0.036529149860143661,0.0048325522802770138,0.047875389456748962,0.1914166659116745,0.17400704324245453,0.15650208294391632,0.17786720395088196,0.19421108067035675,0.17167121171951294,0.17744266986846924,0.07220131903886795,0.57868480682373047,0.00059498200425878167,0.0004480105999391526,0.14459449052810669,0.0068256519734859467,0.053728185594081879,0.11425372958183289,0.045990917831659317,0.081538408994674683,0.21426971256732941,0.33775591850280762,0.37053656578063965,0.62946343421936035,0.14478302001953125,0.30979204177856445,0.48416569828987122,0.061259262263774872,0.0028933645226061344,0.020787525922060013,0.95167982578277588,0.024639245122671127,0.99532228708267212,0.004530198872089386,0.00014752418792340904,0.18825453519821167,0.043982230126857758,0.76776325702667236,0.25360706448554993,0.74639296531677246,0.79400801658630371,0.2059919685125351,0.70769160985946655,0.29230839014053345,0.11498191207647324,0.88501811027526855,0.74887329339981079,0.25112670660018921,0.46757030487060547,0.53242969512939453,0.37678259611129761,0.62321740388870239,0.9999997615814209,2.293464262947964e-07
44,TH-17640065461876,TH-35242,TH,761456,0,80,5,5.2103600877888949,2.1633230256605378,9.4409943353205339,5.6159196343981872,0,0,1.0004198217800204,0.0016516679992167865,0,5.4816606370126442,13.75027,100.617042,1,0,0,1.9015403338180123e-05,0,,0,644.93350744318946,3,1,7,3,1,0.14285714285714285,3.2093852045829752,1,0,1,0,0,1,0,3,0,0.046025555580854416,-0.010924398899078369,0.21831896901130676,-0.070553004741668701,0.009599737823009491,-0.027143649756908417,0.09798721969127655,-0.067010045051574707,-0.061232525855302811,-0.058012954890727997,-0.06099206954240799,0.093528196215629578,0.040992558002471924,0.12077991664409637,-0.005788266658782959,0.10389266908168793,0.035897638648748398,-0.066504359245300293,0.099313840270042419,-0.02920280396938324,-0.052851408720016479,-0.022429961711168289,-0.003389701247215271,0.034222729504108429,0.028838604688644409,-0.10289402306079865,-0.0028200335800647736,-0.028375923633575439,-0.013233478181064129,0.092441678047180176,-0.01987631618976593,0.028076224029064178,1,0.19770024716854095,0.62210369110107422,0.011918446980416775,0.10375543683767319,0.064522162079811096,0.22645974159240723,0.47520044445991516,0.014365565963089466,0.23662418127059937,0.047350060194730759,0.46528422832489014,0.016804832965135574,0.42592543363571167,0.091985508799552917,6.063670662115328e-05,0.008304692804813385,0.0031549057457596064,0.00012745890126097947,0.0020442870445549488,0.00013152528845239431,0.81425148248672485,0.001258437754586339,0.13307748734951019,0.03758905827999115,0.77097266912460327,0.0060276556760072708,0.13291428983211517,0.090085394680500031,0.001397197600454092,0.054149746894836426,0.087003655731678009,0.003713902086019516,0.025231027975678444,0.021023832261562347,0.06131502240896225,0.0073458044789731503,0.070947512984275818,0.66787230968475342,0.77157628536224365,0.22842369973659515,5.1174705731682479e-05,0.13262343406677246,0.84256350994110107,0.02476191520690918,9.4439725216943771e-05,0.14820441603660583,0.82449823617935181,0.027202906087040901,0.71624940633773804,0.11700958013534546,0.1667410135269165,0.34782364964485168,0.00096048432169482112,0.65121585130691528,0.11862581968307495,0.88137418031692505,0.69185060262680054,0.30814939737319946,0.61145317554473877,0.38854682445526123,0.66578048467636108,0.33421948552131653,0.71874630451202393,0.28125366568565369,0.22201088070869446,0.77798908948898315,0.60441303253173828,0.39558696746826172,0.98907220363616943,0.010927816852927208
45,TH-17640032462707,TH-35242,TH,884876,0,80,5,5.4919085156002225,2.1633230256605378,9.5559822275688386,5.6083416162064657,0,0,1.0000152462530869,9.2215034751938317e-05,0,4.1386499919461794,13.7503425,100.61716749999999,1,0,0,1.9015403338180123e-05,0,,0,647.96813280790707,3,2,7,1,2,0.2857142857142857,3.2093852045829752,1,0,1,0,0,1,0,3,0,0.046025555580854416,-0.010924398899078369,0.21831896901130676,-0.070553004741668701,0.009599737823009491,-0.027143649756908417,0.09798721969127655,-0.067010045051574707,-0.061232525855302811,-0.058012954890727997,-0.06099206954240799,0.093528196215629578,0.040992558002471924,0.12077991664409637,-0.005788266658782959,0.10389266908168793,0.035897638648748398,-0.066504359245300293,0.099313840270042419,-0.02920280396938324,-0.052851408720016479,-0.022429961711168289,-0.003389701247215271,0.034222729504108429,0.028838604688644409,-0.10289402306079865,-0.0028200335800647736,-0.028375923633575439,-0.013233478181064129,0.092441678047180176,-0.01987631618976593,0.028076224029064178,1,0.19770024716854095,0.62210369110107422,0.011918446980416775,0.10375543683767319,0.064522162079811096,0.22645974159240723,0.47520044445991516,0.014365565963089466,0.23662418127059937,0.047350060194730759,0.46528422832489014,0.016804832965135574,0.42592543363571167,0.091985508799552917,6.063670662115328e-05,0.008304692804813385,0.0031549057457596064,0.00012745890126097947,0.0020442870445549488,0.00013152528845239431,0.81425148248672485,0.001258437754586339,0.13307748734951019,0.03758905827999115,0.77097266912460327,0.0060276556760072708,0.13291428983211517,0.090085394680500031,0.001397197600454092,0.054149746894836426,0.087003655731678009,0.003713902086019516,0.025231027975678444,0.021023832261562347,0.06131502240896225,0.0073458044789731503,0.070947512984275818,0.66787230968475342,0.77157628536224365,0.22842369973659515,5.1174705731682479e-05,0.13262343406677246,0.84256350994110107,0.02476191520690918,9.4439725216943771e-05,0.14820441603660583,0.82449823617935181,0.027202906087040901,0.71624940633773804,0.11700958013534546,0.1667410135269165,0.34782364964485168,0.00096048432169482112,0.65121585130691528,0.11862581968307495,0.88137418031692505,0.69185060262680054,0.30814939737319946,0.61145317554473877,0.38854682445526123,0.66578048467636108,0.33421948552131653,0.71874630451202393,0.28125366568565369,0.22201088070869446,0.77798908948898315,0.60441303253173828,0.39558696746826172,0.98907220363616943,0.010927816852927208
46,TH-17640031940868,TH-33653,TH,5651239,0,80,0,5.878575765029364,4.5379614362946414,8.8167557165599586,4.7311186142308976,1.9459101490553132,1.791759469228055,1.0013760221811401,0.00078823182315987373,0,2.8122663686937504,13.750324000000001,100.52200499999999,1,0,0,1.9015403338180123e-05,0,,0,1068.7893682809458,1,1,8,4,1,0.125,2.7861128577434213,1.0333333333333334,0,0.66666666666666663,0.93333333333333335,0,1,0,1.6000000000000001,0.59999999999999998,0.17397265136241913,0.1710735410451889,0.1543816477060318,0.12653210759162903,0.035967152565717697,0.0066069541499018669,0.081832006573677063,-0.064738005399703979,0.025046998634934425,-0.0041485382243990898,-0.044575009495019913,-0.012112068012356758,-0.0097349407151341438,0.072663873434066772,-0.037564389407634735,0.016248671337962151,0.024778556078672409,0.020502623170614243,-0.043274886906147003,0.046255297958850861,0.013401621952652931,0.033833488821983337,0.034143269062042236,-0.01091389637440443,0.0088422400876879692,0.026898540556430817,-0.034698214381933212,-0.007413575891405344,0.0012214012676849961,0.010784453712403774,-0.0092769740149378777,-0.0027778069488704205,1,0.71327120065689087,0.1281283050775528,0.039387848228216171,0.058293826878070831,0.060918848961591721,0.34674736857414246,0.18436528742313385,0.20723271369934082,0.09972381591796875,0.16193081438541412,0.17908412218093872,0.49834957718849182,0.20722551643848419,0.11534077674150467,0.005811864510178566,0.23270687460899353,0.03818974643945694,0.0041293478570878506,0.05888785794377327,0.020765235647559166,0.31233203411102295,0.098941303789615631,0.15209798514842987,0.076137758791446686,0.37894237041473389,0.43157380819320679,0.023235423490405083,0.16624839603900909,0.0040209335274994373,0.062372636049985886,0.03639940544962883,0.029246676713228226,0.038435395807027817,0.0066322642378509045,0.13989491760730743,0.067052982747554779,0.36358597874641418,0.2523588240146637,0.63384056091308594,0.36615943908691406,0.046535857021808624,0.44967806339263916,0.39848577976226807,0.10530030727386475,0.040705744177103043,0.27478659152984619,0.59348040819168091,0.091027192771434784,0.77826488018035889,0.17026130855083466,0.051473796367645264,0.178531214594841,0.0089991427958011627,0.81246960163116455,0.25921449065208435,0.74078553915023804,0.53177100419998169,0.46822893619537354,0.6001163125038147,0.39988374710083008,0.085850715637207031,0.91414928436279297,0.69915348291397095,0.30084657669067383,0.42713117599487305,0.57286888360977173,0.62838679552078247,0.37161317467689514,0.84578031301498413,0.15421968698501587
47,TH-17640032903566,TH-33657,TH,5736024,0,80,0,5.8991573538227966,4.1399550734741526,8.3994565019105671,4.3019917073223297,0.69314718055994529,1.9459101490553132,1.0000135384220439,4.7613300121802722e-05,0,8.2435155327781846,13.742005000000001,100.6387,1,0,0,1.9015403338180123e-05,0,,0,445.64321258394284,4,2,3,1,2,0.66666666666666663,3.1091294925955619,1.1666666666666667,0,0.80000000000000004,0.93333333333333335,0,1,0.066666666666666666,2.2000000000000002,0.26666666666666666,0.13811019062995911,0.083982750773429871,0.21607424318790436,0.097142189741134644,-0.0031107221730053425,0.032240860164165497,0.0055078957229852676,-0.054776545614004135,0.085587367415428162,0.034062940627336502,0.0018862903816625476,-0.01658150739967823,0.018980316817760468,0.10068605840206146,0.0075996890664100647,0.042354118078947067,0.030616052448749542,-0.0093366587534546852,-0.082525692880153656,-0.0099172135815024376,0.026499586179852486,0.017632616683840752,-0.0047518215142190456,-0.018944445997476578,0.022056816145777702,0.030075279995799065,-0.034428257495164871,-0.048096664249897003,-0.0090114111080765724,0.016389787197113037,0.01108651515096426,0.023176776245236397,1,0.30491021275520325,0.39881277084350586,0.12231996655464172,0.099199458956718445,0.074757583439350128,0.25680157542228699,0.44705241918563843,0.094424203038215637,0.096901088953018188,0.10482070595026016,0.15925516188144684,0.66612690687179565,0.093307636678218842,0.081310287117958069,0.0048496061936020851,0.29978194832801819,0.040089242160320282,0.0026271955575793982,0.061784647405147552,0.023069756105542183,0.32324346899986267,0.055313810706138611,0.070873036980628967,0.1183672696352005,0.26054337620735168,0.60957545042037964,0.048998940736055374,0.080882228910923004,0.0092464769259095192,0.11432801932096481,0.035011749714612961,0.020882595330476761,0.049841411411762238,0.0098113762214779854,0.1531355232000351,0.052530929446220398,0.36715397238731384,0.18805794417858124,0.63484442234039307,0.36515560746192932,0.015130138956010342,0.46991777420043945,0.46452605724334717,0.050426039844751358,0.031256690621376038,0.2476411908864975,0.6317974328994751,0.089304700493812561,0.8360748291015625,0.11859644204378128,0.045328747481107712,0.14305910468101501,0.0040604695677757263,0.85288041830062866,0.16541467607021332,0.83458530902862549,0.5213390588760376,0.4786609411239624,0.50203108787536621,0.49796894192695618,0.22257058322429657,0.77742940187454224,0.72853767871856689,0.27146235108375549,0.58065450191497803,0.41934546828269958,0.66527438163757324,0.33472564816474915,0.93344032764434814,0.066559664905071259
48,TH-17640064938551,TH-33657,TH,5860255,0,80,0,6.8739399304874063,4.1399550734741526,9.8866878126898925,5.247520496346449,0.69314718055994529,1.9459101490553132,1.001253617073059,0.00023995636865848592,0,1.0349213060264615,13.740786363636364,100.62563636363637,1,0,0,1.9015403338180123e-05,0,,0,542.42749569347279,4,2,3,1,3,1,3.1091294925955619,1.1666666666666667,0,0.80000000000000004,0.93333333333333335,0,1,0.066666666666666666,2.2000000000000002,0.26666666666666666,0.13811019062995911,0.083982750773429871,0.21607424318790436,0.097142189741134644,-0.0031107221730053425,0.032240860164165497,0.0055078957229852676,-0.054776545614004135,0.085587367415428162,0.034062940627336502,0.0018862903816625476,-0.01658150739967823,0.018980316817760468,0.10068605840206146,0.0075996890664100647,0.042354118078947067,0.030616052448749542,-0.0093366587534546852,-0.082525692880153656,-0.0099172135815024376,0.026499586179852486,0.017632616683840752,-0.0047518215142190456,-0.018944445997476578,0.022056816145777702,0.030075279995799065,-0.034428257495164871,-0.048096664249897003,-0.0090114111080765724,0.016389787197113037,0.01108651515096426,0.023176776245236397,1,0.30491021275520325,0.39881277084350586,0.12231996655464172,0.099199458956718445,0.074757583439350128,0.25680157542228699,0.44705241918563843,0.094424203038215637,0.096901088953018188,0.10482070595026016,0.15925516188144684,0.66612690687179565,0.093307636678218842,0.081310287117958069,0.0048496061936020851,0.29978194832801819,0.040089242160320282,0.0026271955575793982,0.061784647405147552,0.023069756105542183,0.32324346899986267,0.055313810706138611,0.070873036980628967,0.1183672696352005,0.26054337620735168,0.60957545042037964,0.048998940736055374,0.080882228910923004,0.0092464769259095192,0.11432801932096481,0.035011749714612961,0.020882595330476761,0.049841411411762238,0.0098113762214779854,0.1531355232000351,0.052530929446220398,0.36715397238731384,0.18805794417858124,0.63484442234039307,0.36515560746192932,0.015130138956010342,0.46991777420043945,0.46452605724334717,0.050426039844751358,0.031256690621376038,0.2476411908864975,0.6317974328994751,0.089304700493812561,0.8360748291015625,0.11859644204378128,0.045328747481107712,0.14305910468101501,0.0040604695677757263,0.85288041830062866,0.16541467607021332,0.83458530902862549,0.5213390588760376,0.4786609411239624,0.50203108787536621,0.49796894192695618,0.22257058322429657,0.77742940187454224,0.72853767871856689,0.27146235108375549,0.58065450191497803,0.41934546828269958,0.66527438163757324,0.33472564816474915,0.93344032764434814,0.066559664905071259
49,TH-17640064938633,TH-33659,TH,6804688,0,80,0,6.5826482134396205,4.3320482648676402,9.6351907753298605,5.209786403872009,1.0986122886681096,1.9459101490553132,1.0031305504962769,0.00043453176726029273,0,2.7727274306012499,13.740975000000001,100.62601416666666,1,0,0,1.9015403338180123e-05,0,,0,511.97392925707823,3,2,7,3,3,0.42857142857142855,2.8652188317871006,1.0909090909090908,0,0.54545454545454541,1,0,1,0,1.0909090909090908,0.63636363636363635,0.13002368807792664,0.17606057226657867,0.20310568809509277,0.10168996453285217,0.027074158191680908,0.051688063889741898,0.027329070493578911,-0.081152081489562988,0.046599105000495911,0.036515895277261734,-0.0045497012324631214,-0.01057177409529686,-0.0036044365260750055,0.069043353199958801,0.0075466320849955082,0.036564480513334274,0.031734265387058258,-0.023376215249300003,-0.042907249182462692,0.0040171141736209393,0.021729337051510811,0.021749973297119141,0.027096562087535858,-0.019559741020202637,0.021429287269711494,-0.0081619089469313622,-0.028402550145983696,-0.035048928111791611,-0.0013873495627194643,-0.0024555849377065897,0.041212383657693863,-0.018785346299409866,1,0.37496891617774963,0.33144131302833557,0.087127566337585449,0.12023067474365234,0.086231537163257599,0.3373970091342926,0.40747526288032532,0.12807478010654449,0.077749155461788177,0.049303792417049408,0.086649686098098755,0.66551011800765991,0.10018515586853027,0.14765509963035583,0.0060003725811839104,0.28609225153923035,0.040109246969223022,0.0024267772678285837,0.079702362418174744,0.017297925427556038,0.2861400842666626,0.086835257709026337,0.049251224845647812,0.14614450931549072,0.14486895501613617,0.52864128351211548,0.091165736317634583,0.23532396554946899,0.010152827948331833,0.069888241589069366,0.030151190236210823,0.0085190730169415474,0.051681410521268845,0.0031983295921236277,0.094275183975696564,0.066061563789844513,0.35476338863372803,0.31130877137184143,0.57216882705688477,0.42783117294311523,0.04064694419503212,0.60102689266204834,0.27689582109451294,0.081430330872535706,0.046674154698848724,0.32185813784599304,0.47871014475822449,0.15275759994983673,0.7193102240562439,0.18175306916236877,0.09893672913312912,0.1986536979675293,0.015555544756352901,0.78579080104827881,0.29214394092559814,0.70785611867904663,0.61392271518707275,0.38607728481292725,0.52696245908737183,0.47303754091262817,0.20013841986656189,0.79986155033111572,0.68923288583755493,0.31076711416244507,0.3800291121006012,0.61997085809707642,0.63120818138122559,0.3687918484210968,0.85476130247116089,0.14523874223232269
50,TH-17640032903573,TH-33659,TH,7076690,0,80,0,5.4860824139604301,4.3320482648676402,8.3394594776887185,4.4003261053671334,1.0986122886681096,1.9459101490553132,1.000016759733088,5.0134974238865374e-05,0,12.504348896074191,13.742243333333334,100.63814666666667,1,0,0,1.9015403338180123e-05,0,,0,459.741270904271,4,2,6,2,2,0.33333333333333331,2.8652188317871006,1.0909090909090908,0,0.54545454545454541,1,0,1,0,1.0909090909090908,0.63636363636363635,0.13002368807792664,0.17606057226657867,0.20310568809509277,0.10168996453285217,0.027074158191680908,0.051688063889741898,0.027329070493578911,-0.081152081489562988,0.046599105000495911,0.036515895277261734,-0.0045497012324631214,-0.01057177409529686,-0.0036044365260750055,0.069043353199958801,0.0075466320849955082,0.036564480513334274,0.031734265387058258,-0.023376215249300003,-0.042907249182462692,0.0040171141736209393,0.021729337051510811,0.021749973297119141,0.027096562087535858,-0.019559741020202637,0.021429287269711494,-0.0081619089469313622,-0.028402550145983696,-0.035048928111791611,-0.0013873495627194643,-0.0024555849377065897,0.041212383657693863,-0.018785346299409866,1,0.37496891617774963,0.33144131302833557,0.087127566337585449,0.12023067474365234,0.086231537163257599,0.3373970091342926,0.40747526288032532,0.12807478010654449,0.077749155461788177,0.049303792417049408,0.086649686098098755,0.66551011800765991,0.10018515586853027,0.14765509963035583,0.0060003725811839104,0.28609225153923035,0.040109246969223022,0.0024267772678285837,0.079702362418174744,0.017297925427556038,0.2861400842666626,0.086835257709026337,0.049251224845647812,0.14614450931549072,0.14486895501613617,0.52864128351211548,0.091165736317634583,0.23532396554946899,0.010152827948331833,0.069888241589069366,0.030151190236210823,0.0085190730169415474,0.051681410521268845,0.0031983295921236277,0.094275183975696564,0.066061563789844513,0.35476338863372803,0.31130877137184143,0.57216882705688477,0.42783117294311523,0.04064694419503212,0.60102689266204834,0.27689582109451294,0.081430330872535706,0.046674154698848724,0.32185813784599304,0.47871014475822449,0.15275759994983673,0.7193102240562439,0.18175306916236877,0.09893672913312912,0.1986536979675293,0.015555544756352901,0.78579080104827881,0.29214394092559814,0.70785611867904663,0.61392271518707275,0.38607728481292725,0.52696245908737183,0.47303754091262817,0.20013841986656189,0.79986155033111572,0.68923288583755493,0.31076711416244507,0.3800291121006012,0.61997085809707642,0.63120818138122559,0.3687918484210968,0.85476130247116089,0.14523874223232269
51,TH-17640063898735,TH-34846,TH,3475023,0,80,2,4.9770095664465952,4.1415461637063951,8.8070723393623673,5.0994692548044682,1.0986122886681096,1.791759469228055,1.0003294616699587,0.00088805050172434754,0,6.9410980099838815,13.79552,100.6131675,1,0,0,1.9015403338180123e-05,0,,0,898.02138058777814,2,1,7,2,1,0.14285714285714285,2.9664958340876666,1.1000000000000001,0,0.59999999999999998,0.66666666666666663,0.066666666666666666,1,0,1.6000000000000001,0.40000000000000002,0.093307800590991974,0.1860179603099823,0.13215784728527069,0.07426876574754715,-0.025155356153845787,-0.049126815050840378,0.031687982380390167,-0.064101919531822205,0.00091153330868110061,0.064507000148296356,-0.031020836904644966,0.023784535005688667,0.032864522188901901,0.097132891416549683,-0.023869091644883156,0.024308310821652412,-0.00099261174909770489,0.0082198437303304672,-0.028459247201681137,0.025790644809603691,0.029724601656198502,0.0099399155005812645,0.019194917753338814,0.0039807092398405075,0.023319996893405914,-0.028770437464118004,-0.024753449484705925,-0.013135246001183987,-0.00040050048846751451,0.0092542469501495361,-0.0069760042242705822,-0.0068438011221587658,1,0.48094290494918823,0.32822695374488831,0.098252341151237488,0.04442465677857399,0.048153158277273178,0.49134254455566406,0.25883004069328308,0.14172996580600739,0.050706282258033752,0.057391174137592316,0.38877356052398682,0.28768819570541382,0.12594613432884216,0.19759209454059601,0.0011547476751729846,0.038875691592693329,0.025303257629275322,0.091496475040912628,0.0503392294049263,0.041607055813074112,0.42478322982788086,0.049575138837099075,0.21146403253078461,0.065401129424571991,0.44046401977539062,0.18781715631484985,0.10314443707466125,0.26857438683509827,0.0054869544692337513,0.034598890691995621,0.043763037770986557,0.055568743497133255,0.062774524092674255,0.060010094195604324,0.18021517992019653,0.048993397504091263,0.25247636437416077,0.25611278414726257,0.62893855571746826,0.37106147408485413,0.023707330226898193,0.22964566946029663,0.69765299558639526,0.048994023352861404,0.0028584806714206934,0.076979227364063263,0.8901788592338562,0.029983418062329292,0.6245456337928772,0.10966384410858154,0.26579058170318604,0.30699893832206726,0.010661410167813301,0.68233960866928101,0.29004281759262085,0.70995718240737915,0.43754920363426208,0.56245076656341553,0.58422476053237915,0.41577520966529846,0.22085854411125183,0.77914148569107056,0.80427306890487671,0.19572688639163971,0.50857818126678467,0.49142181873321533,0.77748292684555054,0.22251707315444946,0.89180266857147217,0.10819731652736664
52,TH-17640065176212,TH-35476,TH,735947,0,80,5,4.7182309782721052,3.475067230228611,9.4788143042000552,5.7442744191337152,1.3862943611198906,0,1.005297726312824,0.0025386498194585184,0,0,13.759926666666665,100.61269166666666,1,0,0,1.9015403338180123e-05,0,,0,754.4263732399902,2,2,9,2,2,0.22222222222222221,3.1099443662696635,1,0,1,0,0,1,0,3,0,0.047758661210536957,-0.10315382480621338,0.22837764024734497,-0.10324838757514954,0.0298038050532341,-0.11666834354400635,0.10450313985347748,-0.0060317516326904297,0.022406615316867828,0.0028331708163022995,0.01096939854323864,0.049974486231803894,-0.0087681859731674194,0.065228946506977081,-0.012215523049235344,-0.090307541191577911,0.093192234635353088,-0.02126438170671463,0.093068882822990417,-0.07161460816860199,-0.015213087201118469,0.011336388997733593,-0.026004662737250328,0.023248091340065002,0.04462871327996254,0.0025490373373031616,-0.067784182727336884,-0.066393725574016571,-0.0095536801964044571,-0.0036286301910877228,0.019946351647377014,-0.018184009939432144,1,0.25844147801399231,0.1729884147644043,0.15865857899188995,0.23954525589942932,0.17036627233028412,0.020580414682626724,0.68437886238098145,0.078643158078193665,0.057885967195034027,0.15851157903671265,0.17425455152988434,0.7619774341583252,0.054200761020183563,0.0095672700554132462,0.0011086796876043081,0.0036178536247462034,0.047777567058801651,0.0010058797197416425,0.086003564298152924,0.013910329900681973,0.64714080095291138,0.088340170681476593,0.070178940892219543,0.040916189551353455,0.30203548073768616,0.65881842374801636,0.031382713466882706,0.0077633727341890335,0.00062146317213773727,0.0010019593173637986,0.074753545224666595,0.0016656784573569894,0.10707967728376389,0.52192062139511108,0.0067486120387911797,0.12699662148952484,0.098880931735038757,0.060330897569656372,0.7864183783531189,0.2135816365480423,0.00062195508508011699,0.007589598186314106,0.97861647605895996,0.013171990402042866,0.0023178574629127979,0.00038204150041565299,0.9548836350440979,0.04241645336151123,0.89836114645004272,0.084800459444522858,0.016838384792208672,0.16500750184059143,0.00025179513613693416,0.83474069833755493,0.17370602488517761,0.82629400491714478,0.23230816423892975,0.76769185066223145,0.66412919759750366,0.33587077260017395,0.21908856928348541,0.78091144561767578,0.75427275896072388,0.24572724103927612,0.99657636880874634,0.0034236563369631767,0.69982016086578369,0.3001798689365387,0.9999995231628418,4.8700479737817659e-07
53,TH-17640065405623,TH-149,TH,2222588,0,80,2,4.6911643791549524,1.9740810260220096,7.5587587882675402,3.8900146162200562,1.0986122886681096,0,1.0016955128609275,0.0050870406430387144,0,27.786000029218208,13.731153750000001,100.545305,1,0,0,1.9015403338180123e-05,0,,0,493.71579738960781,2,2,7,1,2,0.2857142857142857,3.1576816934148146,1,0,1,0,0,1,0,3,0,0.012741716578602791,0.051076516509056091,0.24890998005867004,-0.019601352512836456,-0.0020823441445827484,-0.12006852030754089,0.070524051785469055,-0.071377046406269073,0.019177395850419998,0.10531581938266754,-0.10064424574375153,0.071482561528682709,0.045042261481285095,0.062974140048027039,-0.076032720506191254,-0.0040411502122879028,0.032338641583919525,0.022360214963555336,0.059035729616880417,-8.3171762526035309e-05,0.057355068624019623,0.030550912022590637,-0.012860534712672234,0.068513676524162292,0.018439531326293945,-0.023072976619005203,-0.045171767473220825,-0.070473760366439819,0.020448241382837296,0.0021610110998153687,-0.040848881006240845,0.0015001744031906128,1,0.95357584953308105,0.007197902537882328,0.0040658782236278057,0.023402631282806396,0.011757758446037769,0.48523417115211487,0.16571316123008728,0.076660670340061188,0.08402685821056366,0.18836516141891479,0.57868611812591553,0.023614808917045593,0.32642027735710144,0.071278788149356842,8.6424181063193828e-05,0.0030250207055360079,0.063299320638179779,0.012628311291337013,0.10870350152254105,0.075338698923587799,0.46510976552963257,0.031139682978391647,0.018725669011473656,0.22194360196590424,0.42279228568077087,0.02048037201166153,0.52353274822235107,0.033194594085216522,0.00059076107572764158,1.0976181329169776e-05,0.045914310961961746,0.0020810009445995092,0.02044856920838356,0.027935359627008438,0.46213680505752563,0.27148333191871643,0.011907768435776234,0.15749113261699677,0.67174088954925537,0.32825908064842224,0.00052442011656239629,0.079992242157459259,0.89686882495880127,0.022614490240812302,3.6488687328528613e-05,0.0044219321571290493,0.9930914044380188,0.0024501520674675703,0.57129389047622681,0.12053152173757553,0.30817455053329468,0.1370803564786911,0.0024506780318915844,0.86046898365020752,0.29440391063690186,0.70559608936309814,0.61722481250762939,0.38277518749237061,0.75342452526092529,0.24657550454139709,0.082101970911026001,0.91789805889129639,0.86054331064224243,0.13945668935775757,0.90392810106277466,0.096071928739547729,0.76436483860015869,0.23563522100448608,0.99999940395355225,6.150414719741093e-07
54,TH-17640031651953,TH-157,TH,841477,0,80,2,4.6577626361072619,3.1654750481410856,7.7503413854103753,4.0301721543153546,0,0.69314718055994529,1.0007408569992506,0.0043254042343685659,0,28.781119252285102,13.736532857142858,100.54642714285715,1,0,0,1.9015403338180123e-05,0,,0,513.8688514576354,2,2,5,2,2,0.40000000000000002,3.4650675701745861,1,0,1,0,0,1,0,3,0,-0.038539357483386993,0.11612723022699356,0.20749102532863617,0.12621265649795532,-0.0037430897355079651,-0.11207729578018188,0.12558643519878387,-0.053569216281175613,0.038071982562541962,0.04953882098197937,-0.069576263427734375,0.13810747861862183,0.076973386108875275,0.17916834354400635,-0.074117563664913177,0.064030915498733521,-0.031603917479515076,0.068271324038505554,0.0020723436027765274,0.045376196503639221,0.029330253601074219,-0.0027547860518097878,0.036517351865768433,0.0090375281870365143,0.029892869293689728,-0.022442851215600967,-0.024242483079433441,-0.059637121856212616,-0.018220916390419006,0.0093039274215698242,-0.040509317070245743,0.022681105881929398,1,0.60166311264038086,0.025465788319706917,0.070917591452598572,0.1953178346157074,0.10663563758134842,0.18826556205749512,0.18944744765758514,0.028793174773454666,0.1616666316986084,0.43182718753814697,0.15706299245357513,0.40770864486694336,0.18845741450786591,0.24677097797393799,0.0001951469894265756,7.5392337748780847e-05,0.023511212319135666,0.0071232439950108528,0.044719647616147995,0.066398963332176208,0.02863159216940403,0.41093474626541138,0.22924706339836121,0.1891629695892334,0.50134044885635376,0.41504195332527161,0.073219239711761475,0.010398378595709801,0.00034930804395116866,1.8185948647442274e-05,0.1389436274766922,0.0015195762971416116,0.074352368712425232,0.097022287547588348,0.43647852540016174,0.086132392287254333,0.1498652845621109,0.015318474732339382,0.72527927160263062,0.27472072839736938,0.0032697222195565701,0.18852020800113678,0.79068326950073242,0.01752682588994503,0.00555056007578969,0.42782562971115112,0.54918587207794189,0.017437957227230072,0.98835372924804688,0.0062885554507374763,0.0053576966747641563,0.29725164175033569,0.010247832164168358,0.69250047206878662,0.14292459189891815,0.85707539319992065,0.89348948001861572,0.1065104752779007,0.80308985710144043,0.19691014289855957,0.23401087522506714,0.76598912477493286,0.76396942138671875,0.23603060841560364,0.53639000654220581,0.46360999345779419,0.69738185405731201,0.30261817574501038,1,1.7953517783553252e-08
55,TH-17640065405624,TH-152,TH,1557232,0,80,2,4.9491853317800327,2.360854001118021,7.6448011265605045,3.8809792495047408,0.69314718055994529,0,1.0008272930552973,0.0024199510492612028,0,14.259524752903484,13.73094,100.54537400000001,1,0,0,1.9015403338180123e-05,0,,0,496.93896004637173,2,3,3,0,3,1,3.2853407789488882,1,0,1,0,0,1,0,3,0,0.12570084631443024,-0.033879131078720093,0.19978472590446472,0.1365814208984375,-0.047135051339864731,-0.098113462328910828,0.07600712776184082,0.01032416895031929,0.024405758827924728,0.035718783736228943,-0.069224357604980469,0.023997552692890167,0.065088704228401184,0.13768114149570465,-0.087284065783023834,-0.030201274901628494,0.037351436913013458,-0.0029110168106853962,0.07015034556388855,0.047685243189334869,0.058967836201190948,0.01125730574131012,-0.063447527587413788,0.051119379699230194,0.045747853815555573,0.010643396526575089,-0.032371446490287781,-0.061569668352603912,0.032249219715595245,0.028780942782759666,-0.031732417643070221,-0.0049324668943881989,1,0.67478680610656738,0.052598662674427032,0.12677735090255737,0.096942052245140076,0.048895146697759628,0.011649012565612793,0.24393829703330994,0.28217026591300964,0.23727670311927795,0.22496570646762848,0.31600409746170044,0.19198445975780487,0.43519100546836853,0.056820463389158249,0.0001760635495884344,0.003176204627379775,0.064291775226593018,0.012738605961203575,0.11018748581409454,0.040752902626991272,0.47351771593093872,0.053327187895774841,0.020840782672166824,0.22099125385284424,0.44744420051574707,0.045602336525917053,0.45982888340950012,0.047124575823545456,0.00051153078675270081,1.4300044313131366e-05,0.037553228437900543,0.00028501686756499112,0.013689827173948288,0.019238486886024475,0.51395326852798462,0.23886609077453613,0.01224928442388773,0.16363897919654846,0.84346544742584229,0.15653450787067413,0.0021114498376846313,0.27623060345649719,0.66450536251068115,0.057152591645717621,0.0003785248554777354,0.35307455062866211,0.58070194721221924,0.065844990313053131,0.57094937562942505,0.12143678963184357,0.30761384963989258,0.12447482347488403,0.0042808149009943008,0.87124437093734741,0.27762266993522644,0.72237730026245117,0.78569215536117554,0.21430785953998566,0.76545840501785278,0.23454159498214722,0.013356504961848259,0.98664349317550659,0.81330442428588867,0.18669559061527252,0.85716241598129272,0.14283759891986847,0.75025081634521484,0.24974918365478516,0.99999856948852539,1.4194811228662729e-06
56,TH-17640065082680,TH-36420,TH,3563106,0,80,2,4.6310328455138183,3.4965075614664802,9.2037100383240453,5.4701592008936046,0,0.69314718055994529,1,0,0,9.8106265659132177,13.74188,100.63004000000001,1,0,0,1.9015403338180123e-05,0,,0,612.20517592012095,2,3,5,4,3,0.59999999999999998,2.6293733757307294,1,0,0.75,0.5,0.25,1,0,1.5,0.25,0.08953540027141571,0.19001051783561707,0.20878423750400543,0.03158935159444809,0.011472035199403763,0.051450453698635101,0.08451872318983078,-0.054853357374668121,0.017694039270281792,0.083069533109664917,-0.0063128215260803699,0.0045391283929347992,0.03043835423886776,0.046296562999486923,0.067063428461551666,0.037620194256305695,0.018902894109487534,-0.0020470181480050087,-0.053519971668720245,0.0031118355691432953,0.01931876502931118,0.0093889683485031128,0.0044318847358226776,-0.038091707974672318,0.046826779842376709,0.00034472160041332245,-0.004155969712883234,-0.022245246917009354,-0.014613130129873753,0.0172918401658535,0.0033071916550397873,-0.0097527122125029564,1,0.28724545240402222,0.51128345727920532,0.052737593650817871,0.070430129766464233,0.07830335944890976,0.29248103499412537,0.56928426027297974,0.041199635714292526,0.033418320119380951,0.063616760075092316,0.08154759556055069,0.66502851247787476,0.011761762201786041,0.24166211485862732,0.019273467361927032,0.0065660686232149601,0.042821589857339859,0.0069868122227489948,0.063798986375331879,0.0084051014855504036,0.54644882678985596,0.066042393445968628,0.070242032408714294,0.16941472887992859,0.0062036551535129547,0.77861762046813965,0.026055049151182175,0.18912367522716522,0.024536216631531715,0.00078697520075365901,0.031553920358419418,0.035976927727460861,0.044073104858398438,0.0099896350875496864,0.27154088020324707,0.089656658470630646,0.15717078745365143,0.33471488952636719,0.54040688276290894,0.45959305763244629,0.00012697277998086065,0.44516581296920776,0.54999935626983643,0.0047077909111976624,0.0032971291802823544,0.6118282675743103,0.2970118522644043,0.087862767279148102,0.68548935651779175,0.25790759921073914,0.056603047996759415,0.25425615906715393,0.0020746237132698298,0.74366927146911621,0.24569988250732422,0.75430011749267578,0.37853890657424927,0.62146103382110596,0.3850867748260498,0.6149132251739502,0.44785106182098389,0.55214893817901611,0.76091897487640381,0.2390809953212738,0.28130757808685303,0.71869242191314697,0.7295067310333252,0.27049323916435242,0.97775965929031372,0.022240322083234787
57,TH-17640032978867,TH-36420,TH,2076335,0,80,2,5.1553703572281036,3.4965075614664802,8.0955471769236205,4.2385744685522813,0,0.69314718055994529,1,0,0,5.8286799781333452,13.742204999999998,100.63876500000001,1,0,0,1.9015403338180123e-05,0,,0,453.56549762825608,4,2,6,1,2,0.33333333333333331,2.6293733757307294,1,0,0.75,0.5,0.25,1,0,1.5,0.25,0.08953540027141571,0.19001051783561707,0.20878423750400543,0.03158935159444809,0.011472035199403763,0.051450453698635101,0.08451872318983078,-0.054853357374668121,0.017694039270281792,0.083069533109664917,-0.0063128215260803699,0.0045391283929347992,0.03043835423886776,0.046296562999486923,0.067063428461551666,0.037620194256305695,0.018902894109487534,-0.0020470181480050087,-0.053519971668720245,0.0031118355691432953,0.01931876502931118,0.0093889683485031128,0.0044318847358226776,-0.038091707974672318,0.046826779842376709,0.00034472160041332245,-0.004155969712883234,-0.022245246917009354,-0.014613130129873753,0.0172918401658535,0.0033071916550397873,-0.0097527122125029564,1,0.28724545240402222,0.51128345727920532,0.052737593650817871,0.070430129766464233,0.07830335944890976,0.29248103499412537,0.56928426027297974,0.041199635714292526,0.033418320119380951,0.063616760075092316,0.08154759556055069,0.66502851247787476,0.011761762201786041,0.24166211485862732,0.019273467361927032,0.0065660686232149601,0.042821589857339859,0.0069868122227489948,0.063798986375331879,0.0084051014855504036,0.54644882678985596,0.066042393445968628,0.070242032408714294,0.16941472887992859,0.0062036551535129547,0.77861762046813965,0.026055049151182175,0.18912367522716522,0.024536216631531715,0.00078697520075365901,0.031553920358419418,0.035976927727460861,0.044073104858398438,0.0099896350875496864,0.27154088020324707,0.089656658470630646,0.15717078745365143,0.33471488952636719,0.54040688276290894,0.45959305763244629,0.00012697277998086065,0.44516581296920776,0.54999935626983643,0.0047077909111976624,0.0032971291802823544,0.6118282675743103,0.2970118522644043,0.087862767279148102,0.68548935651779175,0.25790759921073914,0.056603047996759415,0.25425615906715393,0.0020746237132698298,0.74366927146911621,0.24569988250732422,0.75430011749267578,0.37853890657424927,0.62146103382110596,0.3850867748260498,0.6149132251739502,0.44785106182098389,0.55214893817901611,0.76091897487640381,0.2390809953212738,0.28130757808685303,0.71869242191314697,0.7295067310333252,0.27049323916435242,0.97775965929031372,0.022240322083234787
58,TH-17640032447807,TH-55600,TH,269336,0,80,5,5.1872740677547124,4.6765601820747644,8.4897006296995663,4.6702675717516033,1.6094379124341003,2.5649493574615367,1.0123638657702394,0.0053425719959094555,0,0,13.723975714285714,100.52936714285715,1,0,0,1.9015403338180123e-05,0,,0,874.99290230194356,1,3,3,0,3,1,3.2626072669665169,1,0,1,0,0,1,0,3,0,0.060511428862810135,-0.0023029048461467028,0.1915057897567749,0.096015416085720062,-0.039020802825689316,-0.052680861204862595,0.0051210620440542698,-0.080772019922733307,-0.0061107054352760315,0.014444257132709026,-0.052548367530107498,0.12704414129257202,0.019026050344109535,0.15380625426769257,-0.10747635364532471,-0.018799036741256714,0.0029391751158982515,-0.053347889333963394,0.030908152461051941,0.011641427874565125,0.043103713542222977,0.0086673488840460777,-0.050095636397600174,0.040910005569458008,0.054136771708726883,-0.053301483392715454,-0.038618758320808411,-0.085081189870834351,-0.018279293552041054,5.2223604143364355e-05,0.014052164740860462,-0.0037113528233021498,1,0.28938397765159607,0.30475851893424988,0.17202155292034149,0.12383910268545151,0.10999687761068344,0.07810540497303009,0.32859507203102112,0.23015975952148438,0.22468304634094238,0.13845671713352203,0.17103064060211182,0.1997302919626236,0.54691582918167114,0.082323282957077026,0.0012886094627901912,0.00088025821605697274,0.040863048285245895,0.015642985701560974,0.12804506719112396,0.19893594086170197,0.063946180045604706,0.15430130064487457,0.18581648170948029,0.21028012037277222,0.077896006405353546,0.29485031962394714,0.59200239181518555,0.035251282155513763,0.0093713086098432541,0.00047396562877111137,0.075430341064929962,0.004312372300773859,0.057539328932762146,0.16381125152111053,0.072791837155818939,0.39089980721473694,0.17189817130565643,0.053471628576517105,0.71195727586746216,0.28804266452789307,0.0036459434777498245,0.38723829388618469,0.54872268438339233,0.060393098741769791,0.00096285174367949367,0.20615614950656891,0.73934322595596313,0.053537745028734207,0.97864943742752075,0.020788917317986488,0.00056161428801715374,0.20374910533428192,0.00089358160039409995,0.79535728693008423,0.45543679594993591,0.54456323385238647,0.75888329744338989,0.24111665785312653,0.64237093925476074,0.35762906074523926,0.29920980334281921,0.70079022645950317,0.81555420160293579,0.18444573879241943,0.94377803802490234,0.05622192844748497,0.64250749349594116,0.35749253630638123,0.99999994039535522,7.475353669406104e-08
59,TH-17640065173861,TH-55600,TH,1794569,0,80,5,4.8378679501071131,4.6765601820747644,8.9981055639326293,5.2894670598760607,1.6094379124341003,2.5649493574615367,1.00003306419023,0.00029198505277180719,0,0,13.703656000000001,100.53971199999999,1,0,0,1.9015403338180123e-05,0,,0,1396.4707722880125,0,2,7,2,3,0.42857142857142855,3.2626072669665169,1,0,1,0,0,1,0,3,0,0.060511428862810135,-0.0023029048461467028,0.1915057897567749,0.096015416085720062,-0.039020802825689316,-0.052680861204862595,0.0051210620440542698,-0.080772019922733307,-0.0061107054352760315,0.014444257132709026,-0.052548367530107498,0.12704414129257202,0.019026050344109535,0.15380625426769257,-0.10747635364532471,-0.018799036741256714,0.0029391751158982515,-0.053347889333963394,0.030908152461051941,0.011641427874565125,0.043103713542222977,0.0086673488840460777,-0.050095636397600174,0.040910005569458008,0.054136771708726883,-0.053301483392715454,-0.038618758320808411,-0.085081189870834351,-0.018279293552041054,5.2223604143364355e-05,0.014052164740860462,-0.0037113528233021498,1,0.28938397765159607,0.30475851893424988,0.17202155292034149,0.12383910268545151,0.10999687761068344,0.07810540497303009,0.32859507203102112,0.23015975952148438,0.22468304634094238,0.13845671713352203,0.17103064060211182,0.1997302919626236,0.54691582918167114,0.082323282957077026,0.0012886094627901912,0.00088025821605697274,0.040863048285245895,0.015642985701560974,0.12804506719112396,0.19893594086170197,0.063946180045604706,0.15430130064487457,0.18581648170948029,0.21028012037277222,0.077896006405353546,0.29485031962394714,0.59200239181518555,0.035251282155513763,0.0093713086098432541,0.00047396562877111137,0.075430341064929962,0.004312372300773859,0.057539328932762146,0.16381125152111053,0.072791837155818939,0.39089980721473694,0.17189817130565643,0.053471628576517105,0.71195727586746216,0.28804266452789307,0.0036459434777498245,0.38723829388618469,0.54872268438339233,0.060393098741769791,0.00096285174367949367,0.20615614950656891,0.73934322595596313,0.053537745028734207,0.97864943742752075,0.020788917317986488,0.00056161428801715374,0.20374910533428192,0.00089358160039409995,0.79535728693008423,0.45543679594993591,0.54456323385238647,0.75888329744338989,0.24111665785312653,0.64237093925476074,0.35762906074523926,0.29920980334281921,0.70079022645950317,0.81555420160293579,0.18444573879241943,0.94377803802490234,0.05622192844748497,0.64250749349594116,0.35749253630638123,0.99999994039535522,7.475353669406104e-08
60,TH-17640032022969,TH-55599,TH,1503322,0,80,5,5.2091582302282182,4.4624538837864964,8.9708134618628108,5.1055667339998339,1.0986122886681096,2.5649493574615367,1.0002050402176739,0.0015466413319000483,0,0,13.718788999999997,100.53163499999999,1,0,0,1.9015403338180123e-05,0,,0,1189.6783318268574,0,1,13,3,2,0.15384615384615385,2.9215170554091485,1,0,1,0,0,1,0,3,0,0.10260453075170517,0.013969349674880505,0.13420292735099792,0.22846762835979462,-0.16995581984519958,-0.063723184168338776,0.072668075561523438,-0.072467170655727386,0.070926293730735779,0.043000165373086929,-0.060934167355298996,-0.0055296807549893856,0.042479090392589569,0.12031050026416779,-0.036949921399354935,0.043535832315683365,0.097324669361114502,-0.0080279232934117317,0.0093453731387853622,0.00099048041738569736,-0.039500921964645386,-0.021682370454072952,-0.053734112530946732,0.045167941600084305,0.069705478847026825,-0.0042086988687515259,-0.040766559541225433,-0.056852478533983231,0.050557740032672882,0.023445164784789085,-0.025597881525754929,0.038442324846982956,1,0.14747080206871033,0.10547161102294922,0.46245545148849487,0.12023264169692993,0.16436949372291565,0.36694934964179993,0.20437732338905334,0.23754401504993439,0.075636491179466248,0.11549284309148788,0.52679020166397095,0.13487342000007629,0.23831853270530701,0.10001782327890396,0.0024143930058926344,0.010985134169459343,0.040428895503282547,0.054384332150220871,0.0814637690782547,0.16418260335922241,0.10278566181659698,0.18965482711791992,0.25128719210624695,0.10241319239139557,0.42466196417808533,0.14449667930603027,0.37274688482284546,0.058094453066587448,0.020300872623920441,0.0053211967460811138,0.063765540719032288,0.043221354484558105,0.091034255921840668,0.17517448961734772,0.26509103178977966,0.075794123113155365,0.22953116893768311,0.030765945091843605,0.74667727947235107,0.25332269072532654,0.00055866537149995565,0.18874606490135193,0.77335494756698608,0.037340335547924042,0.0034617087803781033,0.048400871455669403,0.86939573287963867,0.078741744160652161,0.93047922849655151,0.050837326794862747,0.018683478236198425,0.26500368118286133,0.0048561431467533112,0.73014014959335327,0.19886349141597748,0.80113649368286133,0.57166320085525513,0.42833679914474487,0.63534486293792725,0.36465507745742798,0.13572277128696442,0.86427724361419678,0.77040272951126099,0.22959728538990021,0.92958414554595947,0.070415884256362915,0.6214677095413208,0.37853232026100159,0.99580562114715576,0.0041943220421671867
61,TH-17640064443881,TH-47728,TH,1891824,0,67,5,5.4109315109171714,1.7578579175523736,8.142238215568609,4.2846208315675796,0,0.69314718055994529,1.0003094246339663,0.00046672624064301614,0,4.4827085041157897,13.748331111111112,100.65812111111111,1,0,0,1.9015403338180123e-05,0,,0,1125.5758127356644,1,2,8,2,3,0.375,2.7911890849037335,1.5,0,0,1,0,1,0,0,1,0.13326346874237061,0.045652031898498535,0.089206978678703308,0.098683759570121765,-0.05509021133184433,0.037878058850765228,-0.070695608854293823,-0.090633831918239594,0.054951637983322144,-0.021932808682322502,0.067385271191596985,-0.0025671869516372681,0.0059847980737686157,0.040939673781394958,-0.061615586280822754,0.0065887719392776489,0.14559897780418396,-0.0081647215411067009,-0.0087168887257575989,0.070411458611488342,-0.00043128430843353271,0.011800670996308327,-0.0018322467803955078,0.021881900727748871,0.019032299518585205,-0.013251334428787231,0.037860296666622162,-0.036879211664199829,-0.010717364959418774,0.018068451434373856,-0.047919981181621552,-0.017134286463260651,1,0.44026473164558411,0.16534909605979919,0.14852604269981384,0.051768120378255844,0.19409200549125671,0.12008090317249298,0.55428588390350342,0.10192771255970001,0.092387385666370392,0.1313181072473526,0.91379529237747192,0.023230476304888725,0.032392378896474838,0.030581856146454811,0.002026611240580678,0.1608315110206604,0.082352213561534882,0.0035307651851326227,0.12569440901279449,0.048411283642053604,0.0022628535516560078,0.42010578513145447,0.07498236745595932,0.079802177846431732,0.17368294298648834,0.60704231262207031,0.034531325101852417,0.18474343419075012,0.0089547364041209221,0.0065160831436514854,0.071054987609386444,0.16150423884391785,0.073853522539138794,0.1059279590845108,0.011925241909921169,0.31550118327140808,0.032699275761842728,0.2120627760887146,0.63304030895233154,0.36695969104766846,0.00012901214358862489,0.072587557137012482,0.91689962148666382,0.010383831337094307,0.046915493905544281,0.031911995261907578,0.82301974296569824,0.098152779042720795,0.12897993624210358,0.40652629733085632,0.46449375152587891,0.28518936038017273,0.0035658639390021563,0.71124476194381714,0.41914743185043335,0.58085256814956665,0.17675808072090149,0.8232419490814209,0.58896028995513916,0.41103968024253845,0.096432812511920929,0.90356719493865967,0.78588974475860596,0.21411028504371643,0.99886167049407959,0.0011383363744243979,0.75456696748733521,0.24543303251266479,0.60628002882003784,0.39371997117996216
62,TH-17640031510301,TH-31632,TH,6587505,0,80,0,6.1688573106651843,2.0541237336955462,9.3489468333566723,5.1352550059095803,0.69314718055994529,1.0986122886681096,1.000351562185096,0.00098013410827938277,0,0,13.709151999999998,100.55013866666667,1,0,0,1.9015403338180123e-05,0,,0,1413.9804271464536,1,1,7,1,2,0.2857142857142857,2.6863587345414883,1,0,0.5,1,0,1,0.125,1.875,0.75,0.16840942203998566,0.16279709339141846,0.16255155205726624,0.13281756639480591,-0.0084169413894414902,0.026874922215938568,0.066591404378414154,-0.065663091838359833,0.021093335002660751,0.011755896732211113,-0.027161113917827606,-0.047859221696853638,-0.015922458842396736,0.10653373599052429,-0.054710805416107178,0.056370623409748077,0.046878412365913391,-0.023175843060016632,-0.03099636547267437,0.024022562429308891,-0.0003078654408454895,-0.0075576216913759708,-0.0057867914438247681,-0.0097056496888399124,0.030948840081691742,0.019833413884043694,-0.02154841274023056,-0.016019891947507858,0.0045246435329318047,0.0098279807716608047,-0.019350599497556686,0.010258452966809273,1,0.4311772882938385,0.21498098969459534,0.16683503985404968,0.089781798422336578,0.097224906086921692,0.24356819689273834,0.34155300259590149,0.23296774923801422,0.10204281657934189,0.079868219792842865,0.32113909721374512,0.45221656560897827,0.072581887245178223,0.15406247973442078,0.010112275369465351,0.18489868938922882,0.029436228796839714,0.0016012724954634905,0.040867675095796585,0.026425199583172798,0.32889482378959656,0.17662438750267029,0.1194307804107666,0.081708662211894989,0.54227179288864136,0.21436958014965057,0.10263241827487946,0.14072622358798981,0.0052867545746266842,0.022978004068136215,0.018097950145602226,0.0055845296010375023,0.026623344048857689,0.033875375986099243,0.084611326456069946,0.046614702790975571,0.50617754459381104,0.25015047192573547,0.63070422410964966,0.36929580569267273,0.01386583223938942,0.43552708625793457,0.44535988569259644,0.10524717718362808,0.021232204511761665,0.24188739061355591,0.68968671560287476,0.047193698585033417,0.67627203464508057,0.25136223435401917,0.072365753352642059,0.19429239630699158,0.015374280512332916,0.7903333306312561,0.38193583488464355,0.61806416511535645,0.45627954602241516,0.54372042417526245,0.61950570344924927,0.38049432635307312,0.11859358847141266,0.88140642642974854,0.6920166015625,0.30798336863517761,0.6178475022315979,0.38215252757072449,0.62431639432907104,0.37568360567092896,0.93462115526199341,0.065378837287425995
63,TH-17640031606891,TH-16352,TH,1496740,0,80,2,5.2981173465453697,4.497584975308154,9.8124069148927084,5.9030639404265752,1.791759469228055,2.8332133440562162,1.0002148221864176,0.00029719552302427899,0,5.0038120338068222,13.758839999999999,100.645565,1,0,0,1.9015403338180123e-05,0,,0,640.67354059049853,3,1,9,1,2,0.22222222222222221,2.4773731182305236,1.0454545454545454,0,1,0.63636363636363635,0,1,0.18181818181818182,3,0,0.12930634617805481,0.039253536611795425,0.16638614237308502,0.00036650151014328003,-0.10048479586839676,-0.082523584365844727,0.053554967045783997,-0.11851019412279129,-0.036813542246818542,0.063280493021011353,-0.045640710741281509,-0.05098450556397438,0.058334209024906158,0.013839476741850376,-0.052636060863733292,0.080974675714969635,0.093722492456436157,0.000369354645954445,0.0096865138038992882,-0.0037986410316079855,-0.046232398599386215,-0.016706040129065514,-0.024903474375605583,-0.0058149616234004498,0.010091601870954037,-0.035336699336767197,-0.0044282451272010803,-0.041242275387048721,0.022747321054339409,0.033034171909093857,0.029093295335769653,0.033801879733800888,1,0.1411573588848114,0.20953512191772461,0.49564829468727112,0.07631886750459671,0.077340357005596161,0.18625181913375854,0.26435691118240356,0.39684122800827026,0.063074201345443726,0.089475885033607483,0.46829530596733093,0.33043575286865234,0.037131980061531067,0.16413694620132446,0.00070170057006180286,0.27027404308319092,0.033151071518659592,0.024223918095231056,0.044743083417415619,0.044267896562814713,0.23379988968372345,0.074981503188610077,0.19463387131690979,0.079223044216632843,0.56902259588241577,0.21061958372592926,0.028966100886464119,0.19139175117015839,0.030640734359622002,0.19115985929965973,0.054398510605096817,0.013899565674364567,0.055321838706731796,0.057993937283754349,0.20959320664405823,0.056779477745294571,0.16280184686183929,0.16741099953651428,0.73985904455184937,0.26014089584350586,0.0017822586232796311,0.22033753991127014,0.73183244466781616,0.046047762036323547,0.0092686135321855545,0.056525204330682755,0.85915911197662354,0.075047053396701813,0.83941805362701416,0.072782270610332489,0.087799683213233948,0.20813807845115662,0.0285769272595644,0.76328504085540771,0.21295648813247681,0.78704351186752319,0.36731728911399841,0.63268274068832397,0.59411114454269409,0.40588885545730591,0.35208806395530701,0.64791196584701538,0.77768939733505249,0.22231058776378632,0.58845889568328857,0.41154110431671143,0.75058400630950928,0.24941597878932953,0.74850088357925415,0.25149905681610107
64,TH-17640031496629,TH-16353,TH,1740533,0,80,2,5.0414231142485733,4.7122292582814991,9.714665766700362,5.9106569692715105,1.9459101490553132,2.8903717578961645,1,0,0,6.5221425219887612,13.75938,100.645685,1,0,0,1.9015403338180123e-05,0,,0,632.0916596740002,3,2,5,2,2,0.40000000000000002,2.7911303056580938,1,0,1,0.125,0,1,0,3,0,0.14393448829650879,0.012269462458789349,0.18140618503093719,0.16206379234790802,-0.13414373993873596,-0.065353117883205414,0.053492419421672821,-0.016817640513181686,0.0073612798005342484,0.055106174200773239,-0.048642817884683609,-0.026372479274868965,0.049542851746082306,0.048441026359796524,-0.016824325546622276,0.025369284674525261,0.024996630847454071,0.0045642158947885036,-0.024421598762273788,-0.021022619679570198,-0.016125671565532684,-0.018812036141753197,0.0052251629531383514,-0.018034264445304871,0.021927591413259506,-0.023378320038318634,0.0062066726386547089,-0.048746958374977112,0.029141949489712715,0.0080789206549525261,0.0030789272859692574,0.066669471561908722,1,0.29971829056739807,0.1249898299574852,0.37587821483612061,0.12382110953330994,0.075592547655105591,0.11727875471115112,0.23750130832195282,0.5029485821723938,0.066896393895149231,0.07537495344877243,0.46340775489807129,0.18447300791740417,0.23763991892337799,0.11447933316230774,0.0061481064185500145,0.059309035539627075,0.054698407649993896,0.010857629589736462,0.048177037388086319,0.12622134387493134,0.32502380013465881,0.066205151379108429,0.23572355508804321,0.06763593852519989,0.58874517679214478,0.09751090407371521,0.20268614590167999,0.11105778068304062,0.0015929685905575752,0.082138225436210632,0.03467148169875145,0.023591935634613037,0.048073574900627136,0.11558124423027039,0.25433504581451416,0.042756814509630203,0.16170170903205872,0.23555698990821838,0.71877092123031616,0.28122904896736145,0.0040282197296619415,0.11410310119390488,0.83633321523666382,0.045535467565059662,0.0024018753319978714,0.012174829840660095,0.95000505447387695,0.035418212413787842,0.91195875406265259,0.067064128816127777,0.020977117121219635,0.22759756445884705,0.0045721554197371006,0.7678302526473999,0.37450900673866272,0.62549102306365967,0.42976951599121094,0.57023048400878906,0.6790539026260376,0.32094606757164001,0.26203930377960205,0.73796069622039795,0.77573907375335693,0.22426092624664307,0.65713554620742798,0.34286445379257202,0.67454820871353149,0.32545179128646851,0.9737052321434021,0.026294786483049393
65,TH-17640035562998,TH-16879,TH,1577244,0,80,3,5.286143565616328,4.6482296754485386,9.4679266619940474,5.600351768931545,2.5649493574615367,2.0794415416798357,1.0000012690893918,4.1697613740604275e-05,0,10.180551145175698,13.755756666666665,100.61395333333333,1,0,0,1.9015403338180123e-05,0,,0,470.23937204002857,4,2,4,2,2,0.5,3.0510103353313616,1,0,1,0.25,0,1,0,3,0,0.18599145114421844,-0.13697001338005066,0.14214718341827393,0.054416626691818237,-0.069710060954093933,-0.11872454732656479,0.10118584334850311,-0.097858600318431854,0.034778565168380737,-0.0001766374334692955,0.021140927448868752,0.012676507234573364,0.013365494087338448,0.029556391760706902,-0.04562649130821228,0.019969485700130463,0.063221409916877747,0.026433411985635757,0.016255998983979225,-0.029102353379130363,-0.038853630423545837,-0.01586846262216568,0.014632983133196831,0.03368028998374939,0.0067217182368040085,0.039490129798650742,-0.025237301364541054,-0.016428939998149872,-0.021798543632030487,0.030031437054276466,0.016252638772130013,0.030464109033346176,1,0.24475693702697754,0.35525524616241455,0.1005130410194397,0.1835722029209137,0.1159026101231575,0.015332194045186043,0.16004502773284912,0.58970439434051514,0.1425519585609436,0.092366427183151245,0.57914549112319946,0.10778836905956268,0.26204788684844971,0.051018238067626953,0.00029598205583170056,0.68246036767959595,0.019977286458015442,0.010406028479337692,0.0080616287887096405,0.056611627340316772,0.11941187828779221,0.090830914676189423,0.004238844383507967,0.0077054244466125965,0.63379389047622681,0.28586873412132263,0.02922104112803936,0.051116358488798141,0.0045150141231715679,0.008760419674217701,0.042270071804523468,0.041286233812570572,0.029811428859829903,0.014786823652684689,0.14140847325325012,0.033524852246046066,0.57111632823944092,0.11252037435770035,0.6344149112701416,0.36558514833450317,0.13987492024898529,0.12928962707519531,0.70669335126876831,0.02414209395647049,0.0028664104174822569,0.01257793977856636,0.9659542441368103,0.018601369112730026,0.74157941341400146,0.073988161981105804,0.18443244695663452,0.3915458619594574,0.10568396747112274,0.50277018547058105,0.14469674229621887,0.85530322790145874,0.68643975257873535,0.31356024742126465,0.67704564332962036,0.32295435667037964,0.080009564757347107,0.9199904203414917,0.77341556549072266,0.22658441960811615,0.6381414532661438,0.36185851693153381,0.800972580909729,0.19902744889259338,0.99648952484130859,0.003510449081659317
66,TH-17640032753055,TH-16880,TH,1386555,0,80,3,5.2703807478550138,4.7899886229806334,9.4679266619940474,5.600351768931545,2.6390573296152589,1.9459101490553132,1.0000002606700087,2.1171039050622708e-05,0,10.301568318463822,13.75582,100.61392333333333,1,0,0,1.9015403338180123e-05,0,,0,472.60652187440473,4,3,4,2,3,0.75,2.84867562372441,1,0,1,0.5,0,1,0,1.5,0,0.075353622436523438,0.04271998256444931,0.22745789587497711,0.084768608212471008,-0.038292426615953445,-0.12574511766433716,0.11754576861858368,-0.033937092870473862,-0.023192316293716431,0.025692746043205261,-0.026715997606515884,0.036443263292312622,0.02188519760966301,0.031052980571985245,-0.07449929416179657,0.035056415945291519,-0.04585743322968483,-0.0029292171820998192,0.015463260933756828,0.035720005631446838,-0.028909105807542801,0.0017123231664299965,0.029610276222229004,0.030650626868009567,0.001324038952589035,0.083371087908744812,-0.011323866434395313,0.016339667141437531,-0.026850853115320206,0.033874902874231339,-0.024767596274614334,0.06841963529586792,1,0.32914572954177856,0.14642319083213806,0.23629763722419739,0.15111520886421204,0.13701826333999634,0.42727363109588623,0.074913717806339264,0.33653146028518677,0.08286236971616745,0.078418843448162079,0.28829169273376465,0.19215498864650726,0.13217394053936005,0.38737940788269043,0.00050810264656320214,0.065420448780059814,0.030660122632980347,0.013318792916834354,0.042078219354152679,0.034694105386734009,0.010261090472340584,0.025652326643466949,0.63143318891525269,0.14597360789775848,0.84897530078887939,0.047421801835298538,0.051005888730287552,0.052597023546695709,0.0023435342591255903,0.041296184062957764,0.047751359641551971,0.016046259552240372,0.019094917923212051,0.060711998492479324,0.0078879576176404953,0.028368286788463593,0.56639504432678223,0.21010448038578033,0.789561927318573,0.210438072681427,0.15045437216758728,0.089358717203140259,0.678733229637146,0.081453695893287659,0.32822877168655396,0.020830817520618439,0.56620991230010986,0.084730535745620728,0.86422556638717651,0.092736944556236267,0.043037474155426025,0.31341174244880676,0.0052758026868104935,0.6813124418258667,0.20076324045658112,0.79923677444458008,0.87122440338134766,0.12877556681632996,0.68081057071685791,0.31918942928314209,0.06701061874628067,0.93298935890197754,0.83803129196166992,0.16196867823600769,0.93314886093139648,0.0668511763215065,0.83241796493530273,0.16758206486701965,0.9917176365852356,0.0082823866978287697
67,TH-17640065086546,TH-16889,TH,1674065,0,80,3,4.6429475503221216,4.1287459889394329,8.8672572077509848,5.209036559709058,2.4849066497880004,1.9459101490553132,1.0003771233565115,0.0015900085031399767,0,0,13.768905000000002,100.65967666666667,1,0,0,1.9015403338180123e-05,0,,0,1647.1325158155482,0,1,10,0,2,0.20000000000000001,2.6906820390772257,1,0.20000000000000001,0.80000000000000004,0.59999999999999998,0,1,0.20000000000000001,3,0,0.19285780191421509,-0.098400786519050598,0.094959460198879242,0.061245769262313843,-0.10017313808202744,-0.09400080144405365,0.028949987143278122,-0.047958593815565109,0.0093215778470039368,-0.03285999596118927,0.034561686217784882,-0.015703655779361725,-0.00070168526144698262,0.026367316022515297,-0.058354683220386505,0.010258032009005547,0.053409874439239502,-0.011614072136580944,0.039345558732748032,-0.018167471513152122,-0.084956645965576172,-0.043673854321241379,-0.019983852282166481,-0.010929420590400696,0.033467512577772141,-0.025147814303636551,-0.025142371654510498,-0.019871039316058159,0.019561177119612694,0.028625994920730591,0.00028183162794448435,0.018910354003310204,1,0.43093028664588928,0.081795051693916321,0.1926751583814621,0.19162316620349884,0.10297635942697525,0.25846725702285767,0.37802010774612427,0.21308505535125732,0.07399161159992218,0.076435945928096771,0.54445278644561768,0.19172929227352142,0.14288341999053955,0.12093446403741837,0.00062018347671255469,0.272562175989151,0.032746579498052597,0.0027412914205342531,0.028903499245643616,0.075711734592914581,0.37138399481773376,0.03698328509926796,0.14001509547233582,0.038332134485244751,0.39630851149559021,0.39223706722259521,0.095951080322265625,0.11550333350896835,0.047655127942562103,0.0092011243104934692,0.059559095650911331,0.045540712773799896,0.090693071484565735,0.12786242365837097,0.17255710065364838,0.048851914703845978,0.3013032078742981,0.096776202321052551,0.69529658555984497,0.30470341444015503,0.029384195804595947,0.20577582716941833,0.7254035472869873,0.03943643718957901,0.0047512799501419067,0.077269718050956726,0.87692654132843018,0.041052535176277161,0.82113438844680786,0.12913790345191956,0.049727737903594971,0.32525157928466797,0.011550000868737698,0.66319841146469116,0.27834385633468628,0.72165614366531372,0.29309916496276855,0.70690083503723145,0.6077730655670166,0.3922269344329834,0.4527946412563324,0.54720532894134521,0.73866033554077148,0.26133966445922852,0.66768646240234375,0.33231353759765625,0.69434517621994019,0.30565482378005981,0.94390761852264404,0.056092299520969391
68,TH-17640032390135,TH-35515,TH,4871624,0,80,0,6.4885512222633706,3.8897773964808264,9.4777416632664959,5.1017432129384277,1.3862943611198906,2.1972245773362196,1.0000280420427949,0.00011481828496110149,0,4.5660842774209174,13.793956250000001,100.61217375,1,0,0,1.9015403338180123e-05,0,,0,920.30028329235222,3,2,4,1,2,0.5,2.9096954544143787,1.1875,0.083333333333333329,0.45833333333333331,0.95833333333333337,0,1,0,1,0.66666666666666663,0.15107458829879761,0.15512603521347046,0.11430098861455917,0.079152606427669525,0.022249415516853333,-0.0050536179915070534,-0.0088135367259383202,-0.063856832683086395,0.035892017185688019,0.061991062015295029,0.013730280101299286,-0.0056173498742282391,-0.0078327823430299759,0.051015410572290421,-0.0013177559012547135,0.019800180569291115,0.019448280334472656,0.013060727156698704,-0.058286067098379135,0.0090590482577681541,0.030580462887883186,0.040498498827219009,0.00027900314307771623,-0.0036184464115649462,0.027797186747193336,-0.016392393037676811,-0.02671392448246479,-0.0061017125844955444,0.0068390145897865295,0.0046125561930239201,0.034280728548765182,0.0011940998956561089,1,0.53722286224365234,0.27763053774833679,0.033577553927898407,0.066399551928043365,0.085169486701488495,0.33567258715629578,0.44281086325645447,0.083999179303646088,0.043906267732381821,0.093611128628253937,0.2344701886177063,0.42827525734901428,0.16618651151657104,0.17106805741786957,0.0012905611656606197,0.15297771990299225,0.026288466528058052,0.060362454503774643,0.046772226691246033,0.014912870712578297,0.5023612380027771,0.061985597014427185,0.070383414626121521,0.062665484845638275,0.39837813377380371,0.27973923087120056,0.048340398818254471,0.27354225516319275,0.0059784683398902416,0.087696127593517303,0.033525131642818451,0.10772068053483963,0.052071567624807358,0.0074607091955840588,0.21145384013652802,0.046460077166557312,0.15282343327999115,0.2948099672794342,0.60228860378265381,0.39771139621734619,0.042569130659103394,0.28856804966926575,0.59794801473617554,0.070914767682552338,0.012629486620426178,0.18839013576507568,0.71248143911361694,0.086498945951461792,0.64554280042648315,0.16142581403255463,0.19303137063980103,0.26606026291847229,0.01494425255805254,0.71899551153182983,0.30679410696029663,0.69320589303970337,0.55625909566879272,0.44374093413352966,0.49233734607696533,0.50766271352767944,0.21193207800388336,0.78806787729263306,0.77486926317214966,0.22513067722320557,0.52941548824310303,0.47058451175689697,0.77240997552871704,0.22759003937244415,0.76983731985092163,0.23016269505023956
69,TH-17640032768734,TH-35515,TH,5064347,0,80,0,5.3553118780678446,3.8897773964808264,9.0859840698432865,5.2200913158056981,1.3862943611198906,2.1972245773362196,1.0003051426319403,0.0011869149335859961,0,4.7445627866233862,13.777520000000001,100.60727250000001,1,0,0,1.9015403338180123e-05,0,,0,1445.665769787895,1,3,6,2,3,0.5,2.9096954544143787,1.1875,0.083333333333333329,0.45833333333333331,0.95833333333333337,0,1,0,1,0.66666666666666663,0.15107458829879761,0.15512603521347046,0.11430098861455917,0.079152606427669525,0.022249415516853333,-0.0050536179915070534,-0.0088135367259383202,-0.063856832683086395,0.035892017185688019,0.061991062015295029,0.013730280101299286,-0.0056173498742282391,-0.0078327823430299759,0.051015410572290421,-0.0013177559012547135,0.019800180569291115,0.019448280334472656,0.013060727156698704,-0.058286067098379135,0.0090590482577681541,0.030580462887883186,0.040498498827219009,0.00027900314307771623,-0.0036184464115649462,0.027797186747193336,-0.016392393037676811,-0.02671392448246479,-0.0061017125844955444,0.0068390145897865295,0.0046125561930239201,0.034280728548765182,0.0011940998956561089,1,0.53722286224365234,0.27763053774833679,0.033577553927898407,0.066399551928043365,0.085169486701488495,0.33567258715629578,0.44281086325645447,0.083999179303646088,0.043906267732381821,0.093611128628253937,0.2344701886177063,0.42827525734901428,0.16618651151657104,0.17106805741786957,0.0012905611656606197,0.15297771990299225,0.026288466528058052,0.060362454503774643,0.046772226691246033,0.014912870712578297,0.5023612380027771,0.061985597014427185,0.070383414626121521,0.062665484845638275,0.39837813377380371,0.27973923087120056,0.048340398818254471,0.27354225516319275,0.0059784683398902416,0.087696127593517303,0.033525131642818451,0.10772068053483963,0.052071567624807358,0.0074607091955840588,0.21145384013652802,0.046460077166557312,0.15282343327999115,0.2948099672794342,0.60228860378265381,0.39771139621734619,0.042569130659103394,0.28856804966926575,0.59794801473617554,0.070914767682552338,0.012629486620426178,0.18839013576507568,0.71248143911361694,0.086498945951461792,0.64554280042648315,0.16142581403255463,0.19303137063980103,0.26606026291847229,0.01494425255805254,0.71899551153182983,0.30679410696029663,0.69320589303970337,0.55625909566879272,0.44374093413352966,0.49233734607696533,0.50766271352767944,0.21193207800388336,0.78806787729263306,0.77486926317214966,0.22513067722320557,0.52941548824310303,0.47058451175689697,0.77240997552871704,0.22759003937244415,0.76983731985092163,0.23016269505023956
70,TH-17640064339415,TH-35516,TH,4474739,0,80,0,6.1315959864281275,3.6216707044204863,9.3327629669581782,5.1338928746718633,1.0986122886681096,2.0794415416798357,1.000192284434932,0.00072272614675287605,0,2.1760186078116086,13.776395384615382,100.60694615384615,1,0,0,1.9015403338180123e-05,0,,0,1400.2328923662287,1,2,5,2,2,0.40000000000000002,2.806328568042324,1.2173913043478262,0.043478260869565216,0.30434782608695654,0.91304347826086951,0,1,0.21739130434782608,0.78260869565217395,0.69565217391304346,0.1393267959356308,0.13026070594787598,0.12872381508350372,0.045804940164089203,0.017278362065553665,-0.016845392063260078,-0.0025474266149103642,-0.05329446867108345,0.024658549576997757,0.055698830634355545,-0.0026883459649980068,-0.011028176173567772,-0.0046420944854617119,0.048503212630748749,0.0050995461642742157,0.01436206791549921,0.0098321316763758659,0.010637498460710049,-0.04705255851149559,0.0069111054763197899,0.024842448532581329,0.021301360800862312,0.0022229328751564026,-0.00081099587259814143,0.010320850647985935,-0.032714210450649261,-0.0097952587530016899,-0.0067458860576152802,0.011924663558602333,0.005200930405408144,0.037804871797561646,0.0034481231123209,1,0.5235329270362854,0.21139010787010193,0.091654963791370392,0.072787314653396606,0.10063465684652328,0.33171066641807556,0.36093026399612427,0.13835142552852631,0.063077546656131744,0.10593008249998093,0.27552944421768188,0.3310258686542511,0.23268680274486542,0.16075786948204041,0.0033861189149320126,0.11036298424005508,0.027715789154171944,0.021518794819712639,0.040274087339639664,0.015509787015616894,0.56444984674453735,0.076836638152599335,0.08785693347454071,0.052089042961597443,0.39939191937446594,0.1903303861618042,0.093264423310756683,0.31701326370239258,0.02855353057384491,0.027160955592989922,0.040746200829744339,0.099868431687355042,0.064595572650432587,0.023836759850382805,0.22472658753395081,0.080579124391078949,0.10679395496845245,0.30313891172409058,0.60526061058044434,0.39473938941955566,0.041595924645662308,0.37110018730163574,0.50554251670837402,0.081761382520198822,0.012374941259622574,0.1724579930305481,0.72892081737518311,0.086246296763420105,0.57855921983718872,0.23379907011985779,0.18764171004295349,0.27512240409851074,0.015700677409768105,0.70917695760726929,0.29153329133987427,0.70846664905548096,0.52376961708068848,0.47623032331466675,0.50361394882202148,0.4963860809803009,0.21658188104629517,0.78341805934906006,0.76971179246902466,0.23028823733329773,0.48438581824302673,0.51561415195465088,0.74901604652404785,0.25098392367362976,0.84784632921218872,0.15215371549129486
71,TH-17640032076916,TH-35516,TH,4588157,0,60,0,6.4689867161647054,3.6216707044204863,9.4944080725670688,5.1183102814156802,1.0986122886681096,2.0794415416798357,1.0000252821655955,0.00013469825514318744,0,3.1049258039359509,13.79379625,100.61198125,1,0,0,1.9015403338180123e-05,0,,0,915.8593242922841,3,2,5,1,2,0.40000000000000002,2.806328568042324,1.2173913043478262,0.043478260869565216,0.30434782608695654,0.91304347826086951,0,1,0.21739130434782608,0.78260869565217395,0.69565217391304346,0.1393267959356308,0.13026070594787598,0.12872381508350372,0.045804940164089203,0.017278362065553665,-0.016845392063260078,-0.0025474266149103642,-0.05329446867108345,0.024658549576997757,0.055698830634355545,-0.0026883459649980068,-0.011028176173567772,-0.0046420944854617119,0.048503212630748749,0.0050995461642742157,0.01436206791549921,0.0098321316763758659,0.010637498460710049,-0.04705255851149559,0.0069111054763197899,0.024842448532581329,0.021301360800862312,0.0022229328751564026,-0.00081099587259814143,0.010320850647985935,-0.032714210450649261,-0.0097952587530016899,-0.0067458860576152802,0.011924663558602333,0.005200930405408144,0.037804871797561646,0.0034481231123209,1,0.5235329270362854,0.21139010787010193,0.091654963791370392,0.072787314653396606,0.10063465684652328,0.33171066641807556,0.36093026399612427,0.13835142552852631,0.063077546656131744,0.10593008249998093,0.27552944421768188,0.3310258686542511,0.23268680274486542,0.16075786948204041,0.0033861189149320126,0.11036298424005508,0.027715789154171944,0.021518794819712639,0.040274087339639664,0.015509787015616894,0.56444984674453735,0.076836638152599335,0.08785693347454071,0.052089042961597443,0.39939191937446594,0.1903303861618042,0.093264423310756683,0.31701326370239258,0.02855353057384491,0.027160955592989922,0.040746200829744339,0.099868431687355042,0.064595572650432587,0.023836759850382805,0.22472658753395081,0.080579124391078949,0.10679395496845245,0.30313891172409058,0.60526061058044434,0.39473938941955566,0.041595924645662308,0.37110018730163574,0.50554251670837402,0.081761382520198822,0.012374941259622574,0.1724579930305481,0.72892081737518311,0.086246296763420105,0.57855921983718872,0.23379907011985779,0.18764171004295349,0.27512240409851074,0.015700677409768105,0.70917695760726929,0.29153329133987427,0.70846664905548096,0.52376961708068848,0.47623032331466675,0.50361394882202148,0.4963860809803009,0.21658188104629517,0.78341805934906006,0.76971179246902466,0.23028823733329773,0.48438581824302673,0.51561415195465088,0.74901604652404785,0.25098392367362976,0.84784632921218872,0.15215371549129486
72,TH-17640064341344,TH-16577,TH,1029439,0,80,5,4.9310147195342209,3.8351419610921882,8.9355968503744272,5.1347089052310579,1.3862943611198906,0.69314718055994529,1.0003594230467245,0.00040782968259094022,0,14.573386515898191,13.753506666666667,100.63177666666667,1,0,0,1.9015403338180123e-05,0,,0,1111.7579945409414,1,2,8,2,2,0.25,3.1438257890755574,1,0,1,0,0,1,0,3,0,0.21331469714641571,-0.1420765221118927,0.12258330732584,0.13043254613876343,-0.091439440846443176,-0.071583829820156097,-0.036202967166900635,-0.055261209607124329,-0.018396761268377304,-0.0071840006858110428,-0.0072644706815481186,0.038011819124221802,0.013428255915641785,0.058889210224151611,-0.021896388381719589,-0.032688401639461517,0.03533322736620903,-0.0067834397777915001,0.018641417846083641,0.0085096191614866257,0.013153105974197388,-0.036990270018577576,-0.033752076327800751,0.06395065039396286,0.0052986294031143188,0.00017996877431869507,-0.047760002315044403,-0.046753555536270142,-0.030068021267652512,0.097245268523693085,0.04079052060842514,0.08660571277141571,1,0.040048293769359589,0.79387736320495605,0.020042264834046364,0.097242429852485657,0.048789657652378082,0.072494648396968842,0.84769529104232788,0.010685897432267666,0.038143977522850037,0.030980201438069344,0.023032473400235176,0.52176135778427124,0.45209446549415588,0.0031117275357246399,0.45881879329681396,4.7369670937769115e-05,0.026317168027162552,0.00095699395751580596,0.022194849327206612,0.28606942296028137,0.015213367529213428,0.0045304619707167149,0.15596781671047211,0.029883736744523048,0.51479661464691162,0.3588690459728241,0.11839976161718369,0.0079345889389514923,0.18293997645378113,0.0030508143827319145,0.11225999891757965,0.095493189990520477,0.096318721771240234,0.22206535935401917,0.060984864830970764,0.052678696811199188,0.054548706859350204,0.1196596771478653,0.76876389980316162,0.23123612999916077,0.0061296201311051846,0.3115459680557251,0.59005045890808105,0.092273928225040436,0.00061430403729900718,0.0024252247530966997,0.98374205827713013,0.013218404725193977,0.88411116600036621,0.11258693784475327,0.0033018824178725481,0.11453983932733536,0.0014693276025354862,0.8839908242225647,0.45184165239334106,0.54815834760665894,0.34230190515518188,0.65769809484481812,0.56577658653259277,0.43422341346740723,0.05446961522102356,0.94553041458129883,0.74125701189041138,0.25874298810958862,0.84959810972213745,0.15040189027786255,0.80902475118637085,0.19097527861595154,0.99999994039535522,4.4777074492685642e-08
73,TH-17640064341219,TH-16578,TH,1126606,0,80,5,4.9289913050557459,3.8958936234982624,8.8624676901628767,5.1071973765762619,1.6094379124341003,0.69314718055994529,1,0,0,14.550868158440769,13.75337,100.63160500000001,1,0,0,1.9015403338180123e-05,0,,0,1113.1531924795681,1,2,7,4,3,0.42857142857142855,2.6892815168287409,1.1666666666666667,0,0.66666666666666663,0.33333333333333331,0,1,0.33333333333333331,3,0,0.13677726686000824,-0.010134194977581501,0.17632873356342316,-0.0459168441593647,-0.040569283068180084,-0.0013243580469861627,0.040864896029233932,-0.072047233581542969,-0.057037662714719772,-0.030852204188704491,-0.055384222418069839,0.044503122568130493,0.046253520995378494,0.080773241817951202,-0.063925258815288544,-0.015771495178341866,0.056425739079713821,-0.021008262410759926,0.024929806590080261,-0.0048528159968554974,-0.019439002498984337,-0.022553766146302223,0.041657071560621262,0.014742262661457062,0.016143890097737312,-0.014453564770519733,0.0048657222650945187,-0.0082931471988558769,-0.0069891861639916897,0.063195593655109406,-0.019555578008294106,0.037355590611696243,1,0.56475216150283813,0.17080371081829071,0.14509172737598419,0.077146843075752258,0.042205546051263809,0.058627188205718994,0.4737255871295929,0.20336635410785675,0.11465515941381454,0.14962570369243622,0.32369446754455566,0.082396723330020905,0.5269741415977478,0.066934674978256226,0.10805042833089828,0.20095402002334595,0.048144150525331497,0.0024294457398355007,0.038691122084856033,0.026560932397842407,0.23688484728336334,0.070956997573375702,0.15873786807060242,0.10859020799398422,0.037910673767328262,0.5443541407585144,0.19167475402355194,0.22606046497821808,0.041440702974796295,0.004811528604477644,0.034235674887895584,0.013748902827501297,0.032172709703445435,0.30171254277229309,0.10244736075401306,0.1074778139591217,0.16628831624984741,0.19566445052623749,0.70795577764511108,0.2920442521572113,0.0045552952215075493,0.014679913409054279,0.94121557474136353,0.039549205452203751,0.022956155240535736,0.28897079825401306,0.63483566045761108,0.053237389773130417,0.78500908613204956,0.17244355380535126,0.042547419667243958,0.24551267921924591,0.017111966386437416,0.73737531900405884,0.40322935581207275,0.59677064418792725,0.62617874145507812,0.37382125854492188,0.51859885454177856,0.48140117526054382,0.31639125943183899,0.68360871076583862,0.77057570219039917,0.22942434251308441,0.70784616470336914,0.29215386509895325,0.6462252140045166,0.35377475619316101,0.99908590316772461,0.00091408571461215615
74,TH-17640033023911,TH-15412,TH,1678700,0,80,2,4.9291359705171187,4.2696974496999616,7.0809944069407429,3.400506435861621,2.3978952727983707,0.69314718055994529,1.0000014641889614,5.6137561618864988e-05,0,0,13.737055,100.529315,1,0,0,1.9015403338180123e-05,0,,0,699.78152220159382,4,2,6,3,2,0.33333333333333331,2.8621108229095924,1,0,1,0,0,1,0,3,0,0.024044718593358994,0.2611335813999176,0.090334028005599976,0.11436331272125244,-0.091431073844432831,-0.049681775271892548,0.20965182781219482,0.061866059899330139,-0.096863299608230591,0.030133793130517006,-0.16407069563865662,0.071964576840400696,0.010653212666511536,0.07265116274356842,-0.16036349534988403,-0.0088983401656150818,-0.095798701047897339,0.0014973683282732964,0.010503295809030533,-0.0033513959497213364,-0.0051527023315429688,0.030058268457651138,0.11224360764026642,0.0159798264503479,-0.066125229001045227,-0.050024807453155518,0.070303104817867279,-0.054367311298847198,0.033988252282142639,0.062110692262649536,-0.047504715621471405,0.052233360707759857,1,0.99222421646118164,0.0019021346233785152,2.9578462999779731e-05,0.0022171791642904282,0.003626885125413537,0.13425549864768982,0.024065766483545303,0.025595029816031456,0.32264691591262817,0.4934367835521698,0.83404707908630371,0.00032355773146264255,0.15911142528057098,0.0065179415978491306,3.2582436748640475e-09,1.2153142936455197e-09,1.0170933819608763e-06,1.607471666886795e-08,8.8085977267837734e-07,1.5815512597328052e-06,9.4569841735392401e-08,6.8894905780325644e-08,0.99999409914016724,2.252048261652817e-06,0.58160912990570068,0.16577239334583282,0.062705352902412415,0.18991312384605408,3.8439902709797025e-05,3.4389474876661552e-06,0.0027023302391171455,0.00031463179038837552,0.0014952206984162331,0.0031669428572058678,0.96510326862335205,0.00028756918618455529,0.0038255392573773861,0.023062610998749733,0.93197721242904663,0.06802280992269516,1.5633093426004052e-05,0.95903825759887695,0.040930449962615967,1.5675246686441824e-05,0.05984201654791832,0.25149786472320557,0.68397384881973267,0.0046862452290952206,0.99610906839370728,0.0036591792013496161,0.00023176782997325063,0.24673232436180115,0.0038633216172456741,0.74940437078475952,0.043745379894971848,0.95625460147857666,0.93413639068603516,0.065863616764545441,0.66934055089950562,0.33065944910049438,0.10952255129814148,0.89047741889953613,0.88149338960647583,0.11850661784410477,0.99999302625656128,6.9994107434467878e-06,0.80321788787841797,0.19678208231925964,0.99998742341995239,1.2576601875480264e-05
75,TH-17640033769468,TH-15413,TH,2127207,0,80,2,4.7144729208785412,3.7232808808312687,7.2243206902744062,3.4709820679705259,2.3978952727983707,0.69314718055994529,1,0,0,0,13.739190000000001,100.52977999999999,1,0,0,1.9015403338180123e-05,0,,0,796.30317712228657,1,1,5,2,3,0.59999999999999998,2.7752309256200896,1,0,1,0,0,1,0,3,0,0.22509029507637024,-0.0004901885986328125,0.17549464106559753,0.028896890580654144,-0.12802280485630035,-0.0028550699353218079,0.038163661956787109,-0.18717969954013824,0.084835231304168701,0.01800396665930748,-0.064076907932758331,0.0092874914407730103,0.041115663945674896,0.15454727411270142,-0.042972840368747711,0.092221170663833618,0.12011905014514923,0.049641702324151993,-0.05621396005153656,-0.039935383945703506,-0.030574515461921692,0.056999452412128448,0.029595490545034409,-0.068270333111286163,-0.053854629397392273,0.082681149244308472,0.032359413802623749,-0.078809753060340881,0.018667003139853477,0.016399262472987175,-0.016014911234378815,0.038376308977603912,1,0.62630468606948853,0.18448300659656525,0.055204398930072784,0.085972204804420471,0.048035666346549988,0.35271456837654114,0.26339679956436157,0.13975560665130615,0.17822347581386566,0.065909571945667267,0.5648876428604126,0.066458836197853088,0.11318867653608322,0.2554648220539093,9.4342645695633109e-08,0.0025878148153424263,7.3073730163741857e-05,2.6326786155550508e-06,3.6773741157958284e-05,2.6000003344961442e-05,0.00085498724365606904,5.3595467761624604e-05,0.9963383674621582,2.6644134777598083e-05,0.021580686792731285,0.67765605449676514,0.007430623285472393,0.29333263635635376,2.3151138520915993e-05,0.0037947320379316807,0.0012271427549421787,0.00014258197916205972,0.0013045135419815779,0.001289919950067997,0.002216726541519165,0.010457643307745457,0.97873842716217041,0.00080516625894233584,0.80024576187133789,0.19975423812866211,0.00051086518215015531,0.19489309191703796,0.72800320386886597,0.076592840254306793,0.004480589646846056,0.088130757212638855,0.7374495267868042,0.16993911564350128,0.59909731149673462,0.33760133385658264,0.063301347196102142,0.088353730738162994,0.26811003684997559,0.64353621006011963,0.68422162532806396,0.31577837467193604,0.39802363514900208,0.60197639465332031,0.86669003963470459,0.13330994546413422,0.0073854690417647362,0.9926145076751709,0.85241037607192993,0.14758963882923126,0.86186331510543823,0.13813669979572296,0.54734104871749878,0.45265898108482361,0.82593381404876709,0.1740662008523941
76,TH-17640047244681,TH-15238,TH,284620,0,90,2,5.6601788371740689,3.572345637857985,4.9327608374495213,1.3086617721388838,0.69314718055994529,0.69314718055994529,1.0000354039023596,0.00017272821823367571,0,0,13.898537142857142,101.40271142857141,1,0,0,1.9015403338180123e-05,0,,0,10428.860579267508,0,1,10,2,3,0.29999999999999999,2.5534159267774736,1.71875,0,0.625,1,0,0.9375,0,0,1,-0.088594995439052582,0.02544824406504631,0.1047523021697998,-0.083254098892211914,0.15111780166625977,-0.10955464094877243,-0.010370508767664433,0.084366366267204285,-0.046224121004343033,0.0039935358799993992,0.039738837629556656,-0.076136402785778046,0.033500682562589645,0.0014974564546719193,-0.11477865278720856,0.040923986583948135,0.022770615294575691,0.0082497932016849518,-0.046149782836437225,-0.034119963645935059,-0.099939405918121338,0.040840506553649902,-0.046870507299900055,0.033929996192455292,-0.065801061689853668,-0.022076200693845749,-0.0071715838275849819,-0.026273263618350029,0.012902645394206047,-0.015172475017607212,0.0039911335334181786,-0.033928271383047104,1,0.86282229423522949,0.073036409914493561,0.009442504495382309,0.023581912741065025,0.03111691027879715,0.034730318933725357,0.83246135711669922,0.062836848199367523,0.018641464412212372,0.05132998526096344,0.23788842558860779,0.37639608979225159,0.37023055553436279,0.01548493467271328,0.00022797693964093924,7.4244658208044712e-06,0.0067156655713915825,0.0059773907996714115,0.0083425808697938919,0.00036538558197207749,0.39188340306282043,0.24464346468448639,0.3393000066280365,0.0025366879999637604,0.4306102991104126,0.22410199046134949,0.11098522692918777,0.23430247604846954,2.1163263227208517e-05,3.8485868572024629e-05,0.004755538422614336,0.0086295315995812416,0.0046436279080808163,0.0008542168652638793,0.003094816580414772,0.012022898532450199,0.88585042953491211,0.080089323222637177,0.79362571239471436,0.20637431740760803,0.0016795416595414281,0.039573781192302704,0.9331505298614502,0.025596130639314651,0.011387210339307785,0.02070227637887001,0.91253489255905151,0.055375628173351288,0.50755482912063599,0.11903088539838791,0.37341424822807312,0.16482560336589813,0.0028559037018567324,0.83231848478317261,0.22008985280990601,0.77991014719009399,0.20413976907730103,0.79586023092269897,0.64828401803970337,0.35171598196029663,0.04374675452709198,0.95625323057174683,0.79165315628051758,0.20834687352180481,0.82632249593734741,0.17367748916149139,0.78955608606338501,0.21044392883777618,0.96416544914245605,0.035834517329931259
77,TH-17640017311540,TH-15238,TH,335716,0,90,2,6.2631315603630791,3.572345637857985,5.1799076145996361,1.2394461058727988,0.69314718055994529,0.69314718055994529,1.0000320993759797,8.6775121306073376e-05,0,3.812333878839588,13.791959999999998,101.40050000000001,1,1,0,7.6189661112623168e-05,0,0.5,2,3386.9884718909652,1,0,0,0,0,,2.5534159267774736,1.71875,0,0.625,1,0,0.9375,0,0,1,-0.088594995439052582,0.02544824406504631,0.1047523021697998,-0.083254098892211914,0.15111780166625977,-0.10955464094877243,-0.010370508767664433,0.084366366267204285,-0.046224121004343033,0.0039935358799993992,0.039738837629556656,-0.076136402785778046,0.033500682562589645,0.0014974564546719193,-0.11477865278720856,0.040923986583948135,0.022770615294575691,0.0082497932016849518,-0.046149782836437225,-0.034119963645935059,-0.099939405918121338,0.040840506553649902,-0.046870507299900055,0.033929996192455292,-0.065801061689853668,-0.022076200693845749,-0.0071715838275849819,-0.026273263618350029,0.012902645394206047,-0.015172475017607212,0.0039911335334181786,-0.033928271383047104,1,0.86282229423522949,0.073036409914493561,0.009442504495382309,0.023581912741065025,0.03111691027879715,0.034730318933725357,0.83246135711669922,0.062836848199367523,0.018641464412212372,0.05132998526096344,0.23788842558860779,0.37639608979225159,0.37023055553436279,0.01548493467271328,0.00022797693964093924,7.4244658208044712e-06,0.0067156655713915825,0.0059773907996714115,0.0083425808697938919,0.00036538558197207749,0.39188340306282043,0.24464346468448639,0.3393000066280365,0.0025366879999637604,0.4306102991104126,0.22410199046134949,0.11098522692918777,0.23430247604846954,2.1163263227208517e-05,3.8485868572024629e-05,0.004755538422614336,0.0086295315995812416,0.0046436279080808163,0.0008542168652638793,0.003094816580414772,0.012022898532450199,0.88585042953491211,0.080089323222637177,0.79362571239471436,0.20637431740760803,0.0016795416595414281,0.039573781192302704,0.9331505298614502,0.025596130639314651,0.011387210339307785,0.02070227637887001,0.91253489255905151,0.055375628173351288,0.50755482912063599,0.11903088539838791,0.37341424822807312,0.16482560336589813,0.0028559037018567324,0.83231848478317261,0.22008985280990601,0.77991014719009399,0.20413976907730103,0.79586023092269897,0.64828401803970337,0.35171598196029663,0.04374675452709198,0.95625323057174683,0.79165315628051758,0.20834687352180481,0.82632249593734741,0.17367748916149139,0.78955608606338501,0.21044392883777618,0.96416544914245605,0.035834517329931259
78,TH-17640064887606,TH-15238,TH,320138,0,90,2,6.595056207999221,3.572345637857985,5.5037099708567156,1.3820212757056056,0.69314718055994529,0.69314718055994529,1,0,0,2.7359883376375418,13.81082,101.41321500000001,1,1,0,7.6189661112623168e-05,0,0.5,2,4729.3867863593523,1,2,12,4,2,0.16666666666666666,2.5534159267774736,1.71875,0,0.625,1,0,0.9375,0,0,1,-0.088594995439052582,0.02544824406504631,0.1047523021697998,-0.083254098892211914,0.15111780166625977,-0.10955464094877243,-0.010370508767664433,0.084366366267204285,-0.046224121004343033,0.0039935358799993992,0.039738837629556656,-0.076136402785778046,0.033500682562589645,0.0014974564546719193,-0.11477865278720856,0.040923986583948135,0.022770615294575691,0.0082497932016849518,-0.046149782836437225,-0.034119963645935059,-0.099939405918121338,0.040840506553649902,-0.046870507299900055,0.033929996192455292,-0.065801061689853668,-0.022076200693845749,-0.0071715838275849819,-0.026273263618350029,0.012902645394206047,-0.015172475017607212,0.0039911335334181786,-0.033928271383047104,1,0.86282229423522949,0.073036409914493561,0.009442504495382309,0.023581912741065025,0.03111691027879715,0.034730318933725357,0.83246135711669922,0.062836848199367523,0.018641464412212372,0.05132998526096344,0.23788842558860779,0.37639608979225159,0.37023055553436279,0.01548493467271328,0.00022797693964093924,7.4244658208044712e-06,0.0067156655713915825,0.0059773907996714115,0.0083425808697938919,0.00036538558197207749,0.39188340306282043,0.24464346468448639,0.3393000066280365,0.0025366879999637604,0.4306102991104126,0.22410199046134949,0.11098522692918777,0.23430247604846954,2.1163263227208517e-05,3.8485868572024629e-05,0.004755538422614336,0.0086295315995812416,0.0046436279080808163,0.0008542168652638793,0.003094816580414772,0.012022898532450199,0.88585042953491211,0.080089323222637177,0.79362571239471436,0.20637431740760803,0.0016795416595414281,0.039573781192302704,0.9331505298614502,0.025596130639314651,0.011387210339307785,0.02070227637887001,0.91253489255905151,0.055375628173351288,0.50755482912063599,0.11903088539838791,0.37341424822807312,0.16482560336589813,0.0028559037018567324,0.83231848478317261,0.22008985280990601,0.77991014719009399,0.20413976907730103,0.79586023092269897,0.64828401803970337,0.35171598196029663,0.04374675452709198,0.95625323057174683,0.79165315628051758,0.20834687352180481,0.82632249593734741,0.17367748916149139,0.78955608606338501,0.21044392883777618,0.96416544914245605,0.035834517329931259
79,TH--17640065410807,,TH,26628,0,64,6,5.9677352204087448,,3.7654971520898006,0.68362724338466252,,,1.0000030030692371,1.2628722123888747e-05,0,0,13.758386666666667,101.39447333333334,1,0,0,1.9015403338180123e-05,0,,0,2528.9251041038278,0,3,4,3,3,0.75,,,,,,,,,,,,,,,,,,,,,,,,,,,,,,,,,,,,,,,,,,,0,,,,,,,,,,,,,,,,,,,,,,,,,,,,,,,,,,,,,,,,,,,,,,,,,,,,,,,,,,,,,,,,,,,,,,
80,TH--17640065410916,TH-11631,TH,25655,0,65,6,6.5318829531207143,0,4.6049119477104759,0.9956383195332732,0,0,1.0037121511063256,0.00036395500640405763,0,1.4583312985163148,13.75589875,101.402575,1,0,0,1.9015403338180123e-05,0,,0,2766.9995306075566,1,2,4,1,2,0.5,2.8008245513406167,1.25,0,0.5,1,1,1,0,1.5,1,0.24136278033256531,0.21314951777458191,-0.06816660612821579,0.0018466934561729431,0.079443462193012238,0.059305004775524139,0.059863276779651642,0.032599136233329773,-0.0090831536799669266,-0.041835788637399673,-0.038921058177947998,-0.013828746974468231,-0.045236945152282715,-0.052540082484483719,0.030998865142464638,0.046899296343326569,0.021594304591417313,0.023032508790493011,-0.026391748338937759,0.034995444118976593,0.043845206499099731,-0.046051770448684692,0.01133100688457489,0.017149686813354492,0.012697311118245125,0.016774591058492661,-0.045430101454257965,-0.019232425838708878,-0.02659003809094429,-0.016273707151412964,-0.056990567594766617,-0.010468458756804466,1,0.65526533126831055,0.24854405224323273,0.021370675414800644,0.033932860940694809,0.040887095034122467,0.77553141117095947,0.12936031818389893,0.015703078359365463,0.023813895881175995,0.055591318756341934,0.21010664105415344,0.1476256400346756,0.2757449746131897,0.36652272939682007,0.0010456686140969396,4.8764537496026605e-05,0.0039035941008478403,0.00022040361363906413,0.0025423662737011909,0.00072710099630057812,0.49152415990829468,0.004043221939355135,0.49284228682518005,0.0031024622730910778,0.45037311315536499,0.1035953164100647,0.056493431329727173,0.38953810930252075,0.03211052343249321,0.00010460403427714482,0.012251924723386765,0.0046913623809814453,0.0079669570550322533,0.00065349915530532598,0.13204550743103027,0.0055509959347546101,0.7715725302696228,0.033052101731300354,0.69904959201812744,0.30095040798187256,0.1182544082403183,0.34945902228355408,0.4148327112197876,0.11745387315750122,0.16072380542755127,0.32374885678291321,0.47734460234642029,0.038182765245437622,0.33375495672225952,0.41397008299827576,0.25227496027946472,0.3054451048374176,0.065884828567504883,0.6286700963973999,0.59078681468963623,0.40921315550804138,0.37482467293739319,0.6251753568649292,0.72949111461639404,0.27050891518592834,0.47053653001785278,0.52946346998214722,0.60042357444763184,0.39957642555236816,0.80890244245529175,0.19109755754470825,0.5699993371963501,0.43000072240829468,0.85963618755340576,0.14036382734775543
81,TH--17640065410882,TH-11718,TH,23777,0,64,6,6.5161191088104147,0,4.4554665023684983,0.78779328337585219,0,0,1.0139708093912057,0.00071344572159141157,0,0,13.750120000000003,101.42077636363636,1,0,0,1.9015403338180123e-05,0,,0,2939.7244448256315,0,2,7,0,2,0.2857142857142857,2.5048188665243671,1.8125,0.125,0.75,1,0.75,0.625,0,0.375,1,0.12474130094051361,0.21285291016101837,-0.050532251596450806,-0.05403481051325798,0.026194604113698006,0.060295313596725464,-0.011762458831071854,0.044659119099378586,0.019598092883825302,0.038414545357227325,-0.02441268227994442,0.0034161359071731567,-0.086082950234413147,-0.059010341763496399,0.028890080749988556,0.0063111856579780579,0.024950144812464714,0.017755141481757164,0.048387058079242706,-0.01325126551091671,0.0233756173402071,-0.045877866446971893,-0.040596365928649902,-0.035840373486280441,0.018777336925268173,-0.0004537627100944519,-0.0094644380733370781,0.013734366744756699,-0.05073922872543335,0.010212808847427368,-0.0082596298307180405,0.042439617216587067,1,0.69940638542175293,0.21675892174243927,0.032959304749965668,0.026319818571209908,0.024555584415793419,0.75665509700775146,0.19614714384078979,0.0067129163071513176,0.018519390374422073,0.021965436637401581,0.14446844160556793,0.20282207429409027,0.34673675894737244,0.30597272515296936,0.03824751079082489,0.0002249005192425102,0.030966861173510551,0.0069216429255902767,0.029713692143559456,0.0060946890152990818,0.61382770538330078,0.035089872777462006,0.17737115919589996,0.061541959643363953,0.21877329051494598,0.26142996549606323,0.23795497417449951,0.28184178471565247,0.017572585493326187,0.00041976012289524078,0.039840348064899445,0.032898072153329849,0.027722587808966637,0.0057803057134151459,0.37216365337371826,0.012269602157175541,0.33828204870223999,0.15305104851722717,0.59314143657684326,0.40685853362083435,0.052965845912694931,0.47583720088005066,0.34611976146697998,0.12507717311382294,0.096631266176700592,0.47630080580711365,0.32201915979385376,0.1050487756729126,0.32675608992576599,0.26701873540878296,0.40622514486312866,0.33550354838371277,0.15920676290988922,0.50528967380523682,0.567726731300354,0.432273268699646,0.17840549349784851,0.8215944766998291,0.69653487205505371,0.30346512794494629,0.36924520134925842,0.63075482845306396,0.63599699735641479,0.36400297284126282,0.34382897615432739,0.65617102384567261,0.61303675174713135,0.38696321845054626,0.91026151180267334,0.089738473296165466
82,TH--17640058170129,TH-19257,TH,306125,0,80,2,5.4067232403918233,0.87546873735389985,6.7289280601967096,3.1098051590626383,0,0,1.0001699298718638,0.0010001823927107403,0,0,9.1130733333333342,99.225418333333337,1,0,0,1.9015403338180123e-05,0,,0,739.74343119586263,2,2,4,1,2,0.5,,,,,,,,,,,,,,,,,,,,,,,,,,,,,,,,,,,,,,,,,,,0,,,,,,,,,,,,,,,,,,,,,,,,,,,,,,,,,,,,,,,,,,,,,,,,,,,,,,,,,,,,,,,,,,,,,,
83,TH--17640058170137,TH-19258,TH,303052,0,80,2,5.0002482012097689,0.87546873735389985,6.3663074406295168,2.8951074834856465,0,0,1.0000141538865372,7.4807672210210215e-05,0,0,9.1130866666666677,99.223619999999997,1,0,0,1.9015403338180123e-05,0,,0,884.14222612735034,1,2,6,1,2,0.33333333333333331,,,,,,,,,,,,,,,,,,,,,,,,,,,,,,,,,,,,,,,,,,,0,,,,,,,,,,,,,,,,,,,,,,,,,,,,,,,,,,,,,,,,,,,,,,,,,,,,,,,,,,,,,,,,,,,,,,
84,TH--17640057970551,TH-19293,TH,250370,0,80,2,5.2329251477809846,0.53062825106217038,7.1079456485852859,3.3366669973820327,0,0,1.0067091891018594,0.0018147749732325665,0,0,9.1120000000000001,99.228766666666658,1,0,0,1.9015403338180123e-05,0,,0,537.92777581068697,4,2,6,1,2,0.33333333333333331,,,,,,,,,,,,,,,,,,,,,,,,,,,,,,,,,,,,,,,,,,,0,,,,,,,,,,,,,,,,,,,,,,,,,,,,,,,,,,,,,,,,,,,,,,,,,,,,,,,,,,,,,,,,,,,,,,
85,TH--17640065064790,TH-19299,TH,294257,0,80,2,4.7192129020287519,0,7.3069357586117771,3.6198447379409449,0,0,1.0001054314943023,0.00047790142934511825,0,18.182364532203582,9.1108980000000006,99.23017200000001,1,0,0,1.9015403338180123e-05,0,,0,472.35229317009401,3,2,5,2,2,0.40000000000000002,,,,,,,,,,,,,,,,,,,,,,,,,,,,,,,,,,,,,,,,,,,0,,,,,,,,,,,,,,,,,,,,,,,,,,,,,,,,,,,,,,,,,,,,,,,,,,,,,,,,,,,,,,,,,,,,,,
86,TH--17640065069541,TH-19304,TH,252468,0,80,2,4.703928958011355,1.7749523509116738,7.4461518193342515,3.6867507805753541,0,0,1.0008650749794323,0.0010000819478230823,0,18.182689339778733,9.1107933333333335,99.230048333333343,1,0,0,1.9015403338180123e-05,0,,0,474.64317351741352,3,2,5,4,2,0.40000000000000002,,,,,,,,,,,,,,,,,,,,,,,,,,,,,,,,,,,,,,,,,,,0,,,,,,,,,,,,,,,,,,,,,,,,,,,,,,,,,,,,,,,,,,,,,,,,,,,,,,,,,,,,,,,,,,,,,,
87,TH--17640064790539,TH-19328,TH,365306,0,80,2,4.8779416457041185,0.53062825106217038,6.3519329221585163,2.6833026220671345,0,0,1.0000215849669993,0.00020438320280983608,0,7.7269154237039999,9.1112500000000001,99.239107499999989,1,0,0,1.9015403338180123e-05,0,,0,824.04492472345339,3,2,5,2,2,0.40000000000000002,,,,,,,,,,,,,,,,,,,,,,,,,,,,,,,,,,,,,,,,,,,0,,,,,,,,,,,,,,,,,,,,,,,,,,,,,,,,,,,,,,,,,,,,,,,,,,,,,,,,,,,,,,,,,,,,,,
88,TH-17640065466722,TH-19339,TH,80152,0,90,4,5.3670968819428628,0.91629073187415511,3.7265822558536374,0.71265945380828755,0.69314718055994529,0,1.0098678708535993,0.002402693367023982,0,9.3538250488757857,9.0999199999999991,99.246840000000006,1,0,0,1.9015403338180123e-05,0,,0,1438.6211350327749,1,1,6,3,1,0.16666666666666666,2.5952398352166264,1.375,0,0.75,1,0,0.5,0,1.5,0.25,0.01605699211359024,-0.13462014496326447,0.050995592027902603,0.15307492017745972,-0.032611656934022903,-0.00074186362326145172,-0.066078566014766693,0.1377357542514801,0.028432372957468033,0.032646790146827698,-0.074493385851383209,-0.073417782783508301,0.018343929201364517,-0.12029382586479187,-0.039610531181097031,0.040812835097312927,0.024377632886171341,0.024168994277715683,-0.013254920020699501,0.0095770135521888733,0.02702944353222847,-0.020692694932222366,-0.045055899769067764,0.043271556496620178,-0.032149247825145721,-0.023806950077414513,0.027848571538925171,-0.011535150930285454,0.030465096235275269,0.030025679618120193,0.026067696511745453,0.011442826129496098,1,0.34514755010604858,0.34899270534515381,0.051654286682605743,0.13239447772502899,0.12181099504232407,0.36013436317443848,0.6234583854675293,0.0013354502152651548,0.0073521416634321213,0.0077196522615849972,0.14647525548934937,0.45738476514816284,0.32210293412208557,0.074037060141563416,0.0017510195029899478,9.8757052910514176e-05,0.0089529808610677719,0.0063811978325247765,0.011250348761677742,0.0081664407625794411,0.46049505472183228,0.09983401745557785,0.40118923783302307,0.0018809381872415543,0.0018265795661136508,0.96089291572570801,0.013681675307452679,0.023598792031407356,0.0004596615326590836,1.6056304957601242e-05,0.0079719154164195061,0.018145713955163956,0.0038391598500311375,0.010534106753766537,0.0049921339377760887,0.026526223868131638,0.9243360161781311,0.0031790235079824924,0.73490041494369507,0.26509958505630493,0.00013616810610983521,0.32960653305053711,0.65462309122085571,0.015634207054972649,0.05852707102894783,0.40190762281417847,0.15962356328964233,0.37994176149368286,0.47168982028961182,0.33937332034111023,0.18893685936927795,0.22634458541870117,7.1168396971188486e-05,0.77358424663543701,0.14217478036880493,0.85782521963119507,0.74409914016723633,0.25590091943740845,0.53159141540527344,0.46840855479240417,0.72294360399246216,0.27705639600753784,0.7464374303817749,0.2535625696182251,0.37841743230819702,0.62158256769180298,0.73997712135314941,0.26002287864685059,0.99569541215896606,0.0043045813217759132
89,TH--17640065466653,TH-19342,TH,85876,0,90,4,5.2728457005743667,0.91629073187415511,3.7282716626339014,0.7135420761087663,0.69314718055994529,0,1.0058427348131198,0.0018501174435538142,0,10.325338146203356,9.0998699999999992,99.246956250000011,1,0,0,1.9015403338180123e-05,0,,0,1438.2285131365047,1,4,4,1,4,1,2.5348699214713943,1.375,0,0.5,1,0,0.5,0,1.5,0.25,0.0040335096418857574,-0.12504462897777557,0.047173932194709778,0.14494633674621582,-0.031562894582748413,-0.0010447287932038307,-0.078210882842540741,0.12531845271587372,0.019195413216948509,0.033280044794082642,-0.074308417737483978,-0.082242362201213837,0.02026333287358284,-0.12910304963588715,-0.035877607762813568,0.039802558720111847,0.017386225983500481,0.024757295846939087,-0.019414098933339119,0.0077319461852312088,0.024065913632512093,-0.026922447606921196,-0.045554541051387787,0.032248049974441528,-0.030152186751365662,-0.021672001108527184,0.030469208955764771,-0.012788837775588036,0.03633730486035347,0.017874650657176971,0.02489066869020462,0.01353116799145937,1,0.34197917580604553,0.35900813341140747,0.059056013822555542,0.1336880624294281,0.10626860707998276,0.35910165309906006,0.62428289651870728,0.0011363558005541563,0.0077716582454741001,0.0077074011787772179,0.15754134953022003,0.45831888914108276,0.30570435523986816,0.078435398638248444,0.0018650882411748171,0.00010059129272121936,0.011049341410398483,0.0080276308581233025,0.013000709936022758,0.0095903538167476654,0.43296480178833008,0.095007807016372681,0.42578521370887756,0.0026084480341523886,0.001728022238239646,0.95920687913894653,0.016146130859851837,0.022918954491615295,0.00047275054384954274,1.5207189790089615e-05,0.0087758693844079971,0.018727326765656471,0.0042731398716568947,0.01329504419118166,0.0036218066234141588,0.035270843654870987,0.91241192817687988,0.0031361242290586233,0.73266303539276123,0.26733696460723877,0.00013319426216185093,0.32079252600669861,0.66376501321792603,0.015309265814721584,0.055051106959581375,0.44453161954879761,0.13941085338592529,0.36100643873214722,0.51584696769714355,0.30108192563056946,0.18307109177112579,0.2489660382270813,7.593900227220729e-05,0.75095802545547485,0.1409667581319809,0.85903322696685791,0.74889349937438965,0.25110650062561035,0.53582173585891724,0.46417826414108276,0.75938516855239868,0.24061481654644012,0.75291931629180908,0.24708069860935211,0.37950444221496582,0.62049555778503418,0.75351691246032715,0.24648310244083405,0.99563276767730713,0.0043672039173543453
90,TH--17640065027262,TH-19348,TH,416509,0,50,2,4.9245689249914415,2.1162555148025524,5.2378440192465803,1.7169297859971746,0,0,1.0184137846342562,0.0040000319102815084,0,0,9.1160562499999997,99.269303750000006,1,0,0,1.9015403338180123e-05,0,,0,1652.6430784289619,0,2,7,1,2,0.2857142857142857,2.622770338293658,1.75,0,0,1,0.25,1,0,1.5,0.5,-0.012922464869916439,-0.13682860136032104,0.028019670397043228,0.14637176692485809,-0.064010836184024811,-0.052332386374473572,-0.048649277538061142,0.04414493590593338,-0.0079901646822690964,-0.025802569463849068,-0.044998839497566223,-0.025649789720773697,-0.01291259191930294,-0.049889754503965378,-0.049028478562831879,0.01406174898147583,-0.011191343888640404,0.043327540159225464,-0.074690550565719604,0.021012555807828903,0.015496404841542244,-0.027089430019259453,-0.043119601905345917,0.048696786165237427,-0.0040615182369947433,-0.034961145371198654,0.042537041008472443,-0.022466821596026421,0.024188680574297905,-0.018401093780994415,0.010765530169010162,0.0098468195647001266,1,0.30359598994255066,0.46618735790252686,0.034104067832231522,0.082459315657615662,0.11365325748920441,0.31859597563743591,0.66081821918487549,0.0013090614229440689,0.0074569666758179665,0.011819802224636078,0.3153587281703949,0.13148939609527588,0.46327853202819824,0.089873313903808594,0.0049583744257688522,0.0007968788268044591,0.046987440437078476,0.1225363165140152,0.091480515897274017,0.095951840281486511,0.30148816108703613,0.22888956964015961,0.078106619417667389,0.028804294764995575,0.35776302218437195,0.49691390991210938,0.12273893505334854,0.022584114223718643,0.0024002064019441605,0.0014281608164310455,0.037659261375665665,0.17289136350154877,0.019503377377986908,0.0908040851354599,0.01541406475007534,0.048016898334026337,0.59479367733001709,0.017088890075683594,0.84278726577758789,0.15721270442008972,0.0012764683924615383,0.088909529149532318,0.88052612543106079,0.029287897050380707,0.024532023817300797,0.03444700688123703,0.82444018125534058,0.11658075451850891,0.44597887992858887,0.19958576560020447,0.35443532466888428,0.15618219971656799,0.00021033771918155253,0.84360742568969727,0.10667666792869568,0.89332330226898193,0.14250753819942474,0.85749244689941406,0.56829726696014404,0.43170270323753357,0.42692306637763977,0.57307696342468262,0.78584420680999756,0.21415580809116364,0.50089055299758911,0.49910947680473328,0.78991788625717163,0.21008212864398956,0.99845945835113525,0.0015404963633045554
91,TH-17640061038057,,TH,625389,0,90,1,4.6449676558621578,,4.9788549525723074,1.5084467096005436,,,1.0000052437375804,6.3241424887560085e-05,0,19.506028858657945,9.1354133333333341,99.249803333333332,1,0,0,1.9015403338180123e-05,0,,0,2233.7553877303694,1,2,4,2,2,0.5,,,,,,,,,,,,,,,,,,,,,,,,,,,,,,,,,,,,,,,,,,,0,,,,,,,,,,,,,,,,,,,,,,,,,,,,,,,,,,,,,,,,,,,,,,,,,,,,,,,,,,,,,,,,,,,,,,
92,TH--17640064305452,,TH,475249,0,90,1,5.2793893566625174,,4.7563508927962852,1.2705135936396532,,,1,0,0,0,9.1260750000000002,99.274884999999998,1,0,0,1.9015403338180123e-05,0,,0,1599.4298614954284,0,3,6,2,3,0.5,,,,,,,,,,,,,,,,,,,,,,,,,,,,,,,,,,,,,,,,,,,0,,,,,,,,,,,,,,,,,,,,,,,,,,,,,,,,,,,,,,,,,,,,,,,,,,,,,,,,,,,,,,,,,,,,,,
93,TH-17640031558765,TH-33667,TH,1731286,0,80,3,5.4196939377145501,5.7011122461003225,9.4212116741508733,5.5332712553555714,3.044522437723423,3.1354942159291497,1.000038849225954,0.00034116346344547152,0,0,13.777122857142857,100.62526714285714,1,0,0,1.9015403338180123e-05,0,,0,1849.4912725136064,1,1,7,0,2,0.2857142857142857,2.7203563418974057,1,0,0.66666666666666663,0.66666666666666663,0,1,0,2,0.33333333333333331,0.15836310386657715,0.038935616612434387,0.17579908668994904,0.11861208826303482,-0.024348728358745575,-0.075449340045452118,0.09231770783662796,-0.082297854125499725,-0.030159719288349152,0.0094143245369195938,0.018646737560629845,0.046440914273262024,0.043506380170583725,0.095771394670009613,-0.11210069805383682,-0.005555915180593729,0.035019177943468094,0.030606502667069435,0.0052178353071212769,0.019406875595450401,0.0022395502310246229,-0.016153352335095406,0.013185632415115833,0.0031866070348769426,-0.017013123258948326,0.012708485126495361,0.026596710085868835,-0.0093088895082473755,-0.018395781517028809,0.021354839205741882,-0.02970469743013382,0.056329865008592606,1,0.48475098609924316,0.19070899486541748,0.23773257434368134,0.042667586356401443,0.04413987323641777,0.099128685891628265,0.38595083355903625,0.14862067997455597,0.15538160502910614,0.21091814339160919,0.65301710367202759,0.1516990065574646,0.053798288106918335,0.14148561656475067,0.0028456021100282669,0.19018383324146271,0.02330731600522995,0.0066912644542753696,0.019892977550625801,0.11580958217382431,0.031284235417842865,0.27837425470352173,0.279825359582901,0.05178559198975563,0.64970678091049194,0.032937463372945786,0.058476287871599197,0.25887945294380188,0.0075203445740044117,0.025663597509264946,0.040450997650623322,0.021254146471619606,0.039218485355377197,0.11646562814712524,0.065924279391765594,0.15314537286758423,0.39414301514625549,0.13621413707733154,0.57370990514755249,0.4262901246547699,0.022856244817376137,0.083496652543544769,0.78745299577713013,0.10619407147169113,0.0020775329321622849,0.023580675944685936,0.96054506301879883,0.013796716928482056,0.40556535124778748,0.13767924904823303,0.45675539970397949,0.40987154841423035,0.074130155146121979,0.51599830389022827,0.4945828914642334,0.50541704893112183,0.8731234073638916,0.12687662243843079,0.67897635698318481,0.3210236132144928,0.082141444087028503,0.91785860061645508,0.76199394464492798,0.23800604045391083,0.97321414947509766,0.02678583562374115,0.58094429969787598,0.41905570030212402,0.99998617172241211,1.3812142242386471e-05
94,TH-17640031580711,TH-33668,TH,1988940,0,80,3,5.0716676759045392,5.724891437866436,9.1402200646351019,5.3835149077829261,2.9957322735539909,3.1780538303479458,1.0000991452286454,0.00054243881465418234,0,0,13.778315000000001,100.62339166666668,1,0,0,1.9015403338180123e-05,0,,0,1798.7524947568247,1,2,8,2,2,0.25,2.8469295789410061,1,0,1,1,0,1,0,3,0,0.2103118896484375,-0.041909515857696533,0.15106648206710815,0.018504071980714798,-0.044879548251628876,-0.085139438509941101,0.074104376137256622,-0.11270890384912491,0.0040271184407174587,0.052653849124908447,0.018999326974153519,0.020088333636522293,0.036515135318040848,0.020269880071282387,-0.059245377779006958,0.077914707362651825,0.05972280353307724,0.009925253689289093,0.0066217086277902126,-0.016727199777960777,-0.054243050515651703,0.028513658791780472,0.036470729857683182,0.012140234000980854,0.00032859668135643005,0.04178021103143692,0.025199186056852341,-0.012147320434451103,-0.0085819419473409653,0.0020021840464323759,0.031989403069019318,0.039821628481149673,1,0.18245026469230652,0.28784853219985962,0.23487475514411926,0.15803830325603485,0.13678812980651855,0.039769291877746582,0.51579749584197998,0.17433054745197296,0.13577923178672791,0.13432338833808899,0.70261591672897339,0.16326534748077393,0.083276607096195221,0.050842087715864182,0.00098032737150788307,0.25656822323799133,0.021586673334240913,0.0026960894465446472,0.012584103271365166,0.006517346017062664,0.032409489154815674,0.06791764497756958,0.57156145572662354,0.027178654447197914,0.90232419967651367,0.050601042807102203,0.017179997637867928,0.02989473007619381,0.0054308706894516945,0.15326611697673798,0.012812656350433826,0.0032397606410086155,0.01233178935945034,0.011489525437355042,0.003143868176266551,0.0039448933675885201,0.75734776258468628,0.036992762237787247,0.66010475158691406,0.33989524841308594,0.0018480975413694978,0.091747209429740906,0.89085227251052856,0.015552463941276073,0.010204097256064415,0.0073203868232667446,0.96810734272003174,0.014368164353072643,0.51478010416030884,0.19395335018634796,0.29126653075218201,0.38391360640525818,0.10019854456186295,0.51588785648345947,0.29273104667663574,0.70726895332336426,0.71681547164916992,0.28318452835083008,0.6811334490776062,0.31886652112007141,0.12596377730369568,0.87403619289398193,0.78650748729705811,0.21349248290061951,0.75528502464294434,0.24471494555473328,0.80903542041778564,0.19096456468105316,0.9922407865524292,0.00775917898863554
95,TH-17640032064703,TH-33707,TH,711122,0,80,2,5.2333520876956774,5.2295030505476765,8.9167314275648781,5.0941075562239524,2.6390573296152589,2.5649493574615367,1.000015707984464,0.00012164333439269123,0,0,13.768302,100.64750599999999,1,0,0,1.9015403338180123e-05,0,,0,774.4852871520352,2,2,9,3,2,0.22222222222222221,2.9991854913233915,1.0238095238095237,0.14285714285714285,1,0.33333333333333331,0,1,0.23809523809523808,2.8571428571428572,0,0.077868938446044922,0.042597554624080658,0.19066794216632843,-0.043223824352025986,-0.051018685102462769,-0.11741594970226288,0.035208553075790405,-0.038498502224683762,-0.012307280674576759,-0.0015931515954434872,-0.069935277104377747,0.032667186111211777,0.066682629287242889,-0.010587926022708416,-0.060579538345336914,0.0039815776981413364,0.044390168040990829,-0.012129561975598335,-0.0068149426952004433,-0.020219180732965469,-0.0083369901403784752,-0.014672540128231049,0.073464632034301758,0.033477388322353363,0.013073663227260113,-0.0067218244075775146,-0.0091830585151910782,-0.050093643367290497,0.036036547273397446,0.027865644544363022,0.00938402209430933,0.0075670983642339706,1,0.3814966082572937,0.098789818584918976,0.32589930295944214,0.07265917956829071,0.12115506827831268,0.25539708137512207,0.20890326797962189,0.2716919481754303,0.066395394504070282,0.19761228561401367,0.60378390550613403,0.16515402495861053,0.10921155661344528,0.12185047566890717,0.0056877783499658108,0.088417708873748779,0.049704939126968384,0.012021500617265701,0.060535125434398651,0.20109403133392334,0.20060795545578003,0.072539076209068298,0.21451745927333832,0.094874419271945953,0.72052299976348877,0.18090666830539703,0.050369098782539368,0.048201270401477814,0.021405769512057304,0.07603512704372406,0.063728600740432739,0.014826920814812183,0.081796564161777496,0.18288195133209229,0.14254498481750488,0.047009110450744629,0.24963147938251495,0.12013948708772659,0.71769851446151733,0.28230148553848267,0.051194064319133759,0.049442529678344727,0.85999232530593872,0.039371088147163391,0.0098834112286567688,0.048578936606645584,0.92333120107650757,0.01820642501115799,0.90981376171112061,0.055012471973896027,0.035173811018466949,0.24305149912834167,0.019398698583245277,0.73754984140396118,0.20877812802791595,0.79122191667556763,0.47154012322425842,0.52845984697341919,0.64320498704910278,0.35679501295089722,0.25469544529914856,0.74530458450317383,0.79939424991607666,0.20060579478740692,0.87596875429153442,0.12403122335672379,0.74449652433395386,0.25550344586372375,0.8873094916343689,0.1126905083656311
96,TH-17640033794389,TH-16879,TH,1369299,0,80,3,6.5891052786040518,4.6482296754485386,9.8376989921037605,5.3995233089545458,2.5649493574615367,2.0794415416798357,1.0441533006578061,0.0015148039980572192,0,1.3765145203506224,13.758894210526316,100.6176689473684,1,0,0,1.9015403338180123e-05,0,,0,665.2541053526204,1,2,7,1,2,0.2857142857142857,3.0510103353313616,1,0,1,0.25,0,1,0,3,0,0.18599145114421844,-0.13697001338005066,0.14214718341827393,0.054416626691818237,-0.069710060954093933,-0.11872454732656479,0.10118584334850311,-0.097858600318431854,0.034778565168380737,-0.0001766374334692955,0.021140927448868752,0.012676507234573364,0.013365494087338448,0.029556391760706902,-0.04562649130821228,0.019969485700130463,0.063221409916877747,0.026433411985635757,0.016255998983979225,-0.029102353379130363,-0.038853630423545837,-0.01586846262216568,0.014632983133196831,0.03368028998374939,0.0067217182368040085,0.039490129798650742,-0.025237301364541054,-0.016428939998149872,-0.021798543632030487,0.030031437054276466,0.016252638772130013,0.030464109033346176,1,0.24475693702697754,0.35525524616241455,0.1005130410194397,0.1835722029209137,0.1159026101231575,0.015332194045186043,0.16004502773284912,0.58970439434051514,0.1425519585609436,0.092366427183151245,0.57914549112319946,0.10778836905956268,0.26204788684844971,0.051018238067626953,0.00029598205583170056,0.68246036767959595,0.019977286458015442,0.010406028479337692,0.0080616287887096405,0.056611627340316772,0.11941187828779221,0.090830914676189423,0.004238844383507967,0.0077054244466125965,0.63379389047622681,0.28586873412132263,0.02922104112803936,0.051116358488798141,0.0045150141231715679,0.008760419674217701,0.042270071804523468,0.041286233812570572,0.029811428859829903,0.014786823652684689,0.14140847325325012,0.033524852246046066,0.57111632823944092,0.11252037435770035,0.6344149112701416,0.36558514833450317,0.13987492024898529,0.12928962707519531,0.70669335126876831,0.02414209395647049,0.0028664104174822569,0.01257793977856636,0.9659542441368103,0.018601369112730026,0.74157941341400146,0.073988161981105804,0.18443244695663452,0.3915458619594574,0.10568396747112274,0.50277018547058105,0.14469674229621887,0.85530322790145874,0.68643975257873535,0.31356024742126465,0.67704564332962036,0.32295435667037964,0.080009564757347107,0.9199904203414917,0.77341556549072266,0.22658441960811615,0.6381414532661438,0.36185851693153381,0.800972580909729,0.19902744889259338,0.99648952484130859,0.003510449081659317
97,TH-17640032463446,TH-16880,TH,1456651,0,80,3,6.5470579704563709,4.7899886229806334,9.7972704921828075,5.3829789808033128,2.6390573296152589,1.9459101490553132,1.0412195964456943,0.0011054180459875202,0,1.4361959639313204,13.759108333333334,100.61797722222221,1,0,0,1.9015403338180123e-05,0,,0,678.34735064268364,1,1,8,3,2,0.25,2.84867562372441,1,0,1,0.5,0,1,0,1.5,0,0.075353622436523438,0.04271998256444931,0.22745789587497711,0.084768608212471008,-0.038292426615953445,-0.12574511766433716,0.11754576861858368,-0.033937092870473862,-0.023192316293716431,0.025692746043205261,-0.026715997606515884,0.036443263292312622,0.02188519760966301,0.031052980571985245,-0.07449929416179657,0.035056415945291519,-0.04585743322968483,-0.0029292171820998192,0.015463260933756828,0.035720005631446838,-0.028909105807542801,0.0017123231664299965,0.029610276222229004,0.030650626868009567,0.001324038952589035,0.083371087908744812,-0.011323866434395313,0.016339667141437531,-0.026850853115320206,0.033874902874231339,-0.024767596274614334,0.06841963529586792,1,0.32914572954177856,0.14642319083213806,0.23629763722419739,0.15111520886421204,0.13701826333999634,0.42727363109588623,0.074913717806339264,0.33653146028518677,0.08286236971616745,0.078418843448162079,0.28829169273376465,0.19215498864650726,0.13217394053936005,0.38737940788269043,0.00050810264656320214,0.065420448780059814,0.030660122632980347,0.013318792916834354,0.042078219354152679,0.034694105386734009,0.010261090472340584,0.025652326643466949,0.63143318891525269,0.14597360789775848,0.84897530078887939,0.047421801835298538,0.051005888730287552,0.052597023546695709,0.0023435342591255903,0.041296184062957764,0.047751359641551971,0.016046259552240372,0.019094917923212051,0.060711998492479324,0.0078879576176404953,0.028368286788463593,0.56639504432678223,0.21010448038578033,0.789561927318573,0.210438072681427,0.15045437216758728,0.089358717203140259,0.678733229637146,0.081453695893287659,0.32822877168655396,0.020830817520618439,0.56620991230010986,0.084730535745620728,0.86422556638717651,0.092736944556236267,0.043037474155426025,0.31341174244880676,0.0052758026868104935,0.6813124418258667,0.20076324045658112,0.79923677444458008,0.87122440338134766,0.12877556681632996,0.68081057071685791,0.31918942928314209,0.06701061874628067,0.93298935890197754,0.83803129196166992,0.16196867823600769,0.93314886093139648,0.0668511763215065,0.83241796493530273,0.16758206486701965,0.9917176365852356,0.0082823866978287697
98,TH-17640019989849,TH-50604,TH,61863,0,90,3,6.5349945061720414,2.451005098112319,3.9143962585465166,1.013142626205332,0.69314718055994529,0,1.0112313230620436,0.00051767652435780979,0,2.9039862309083411,13.847266666666664,101.31868166666668,1,1,0,7.6189661112623168e-05,0,0.5,2,2602.1134514506512,1,0,0,0,0,,,,,,,,,,,,,,,,,,,,,,,,,,,,,,,,,,,,,,,,,,,,0,,,,,,,,,,,,,,,,,,,,,,,,,,,,,,,,,,,,,,,,,,,,,,,,,,,,,,,,,,,,,,,,,,,,,,
99,TH-17640028291959,TH-50604,TH,63781,0,90,3,5.4713038198643114,2.451005098112319,4.7309572738138703,1.531679099503704,0.69314718055994529,0,1,0,0,8.4342395149019982,13.82615,101.313365,1,1,0,7.6189661112623168e-05,0,0.5,2,2056.2307579670914,1,0,0,0,0,,,,,,,,,,,,,,,,,,,,,,,,,,,,,,,,,,,,,,,,,,,,0,,,,,,,,,,,,,,,,,,,,,,,,,,,,,,,,,,,,,,,,,,,,,,,,,,,,,,,,,,,,,,,,,,,,,,
100,TH-17640017534573,TH-50948,TH,11398,0,80,4,5.9232660029166997,1.7749523509116738,5.8726910285832101,1.9040400781846234,0,0,1.0041675104782084,0.0019726413966016198,0,5.3615014874755316,13.817935555555557,101.30463222222222,1,1,0,7.6189661112623168e-05,0,0.5,2,2386.8833526708991,1,0,0,0,0,,2.2395184425504029,1.8043478260869565,0.086956521739130432,1,0.60869565217391308,0.43478260869565216,0.60869565217391308,0,1.173913043478261,0.91304347826086951,-0.072089254856109619,0.07194085419178009,-0.023842653259634972,-0.1411522775888443,-0.072756178677082062,-0.015667853876948357,0.0068276654928922653,0.027143504470586777,-0.031580384820699692,0.094192124903202057,0.01545131579041481,-0.047849960625171661,0.0077433036640286446,-0.016598537564277649,-0.034297991544008255,0.030715595930814743,0.052709795534610748,0.002355918288230896,0.038643773645162582,-0.018508128821849823,-0.026766736060380936,0.03922649472951889,0.023212412372231483,-0.0040257880464196205,-0.068510383367538452,-0.0076345442794263363,0.032302320003509521,0.026730053126811981,0.0014275526627898216,-0.032445266842842102,0.027835320681333542,0.016292188316583633,1,0.64303159713745117,0.27126413583755493,0.026815269142389297,0.018364006653428078,0.040524978190660477,0.65825653076171875,0.2539997398853302,0.029358679428696632,0.019425874575972557,0.038959167897701263,0.26595321297645569,0.46329149603843689,0.1761491447687149,0.094606153666973114,0.00086296530207619071,1.9161145701218629e-06,0.0026756110601127148,0.0014966971939429641,0.0031767918262630701,0.0032063962426036596,0.38987541198730469,0.024204704910516739,0.57231336832046509,0.002186148427426815,0.31451910734176636,0.57384532690048218,0.035246171057224274,0.076389394700527191,0.0007496519829146564,2.2414629711420275e-05,0.0096451975405216217,0.0036178841255605221,0.01240592822432518,0.018305016681551933,0.41492927074432373,0.007522971834987402,0.52351456880569458,0.0092871608212590218,0.72141438722610474,0.27858561277389526,0.0013084367383271456,0.39285913109779358,0.59248769283294678,0.013344722799956799,0.068354241549968719,0.1870398074388504,0.71608686447143555,0.028519138693809509,0.33341190218925476,0.20474585890769958,0.46184223890304565,0.39416718482971191,0.0038136045914143324,0.60201919078826904,0.28694844245910645,0.71305161714553833,0.48713305592536926,0.51286691427230835,0.8409540057182312,0.15904600918292999,0.82317823171615601,0.1768217533826828,0.83548742532730103,0.16451258957386017,0.51445513963699341,0.48554486036300659,0.70973062515258789,0.29026931524276733,0.98386305570602417,0.016136916354298592
101,TH--17640020084384,TH-50948,TH,18489,0,90,4,7.3128536531849759,1.7749523509116738,5.1000591265801773,0.77996157620912254,0,0,1.1483016741437071,0.0016021336487946863,0,0,13.749988333333333,101.31230166666666,1,0,0,1.9015403338180123e-05,0,,0,3413.8800123972833,0,1,7,2,1,0.14285714285714285,2.2395184425504029,1.8043478260869565,0.086956521739130432,1,0.60869565217391308,0.43478260869565216,0.60869565217391308,0,1.173913043478261,0.91304347826086951,-0.072089254856109619,0.07194085419178009,-0.023842653259634972,-0.1411522775888443,-0.072756178677082062,-0.015667853876948357,0.0068276654928922653,0.027143504470586777,-0.031580384820699692,0.094192124903202057,0.01545131579041481,-0.047849960625171661,0.0077433036640286446,-0.016598537564277649,-0.034297991544008255,0.030715595930814743,0.052709795534610748,0.002355918288230896,0.038643773645162582,-0.018508128821849823,-0.026766736060380936,0.03922649472951889,0.023212412372231483,-0.0040257880464196205,-0.068510383367538452,-0.0076345442794263363,0.032302320003509521,0.026730053126811981,0.0014275526627898216,-0.032445266842842102,0.027835320681333542,0.016292188316583633,1,0.64303159713745117,0.27126413583755493,0.026815269142389297,0.018364006653428078,0.040524978190660477,0.65825653076171875,0.2539997398853302,0.029358679428696632,0.019425874575972557,0.038959167897701263,0.26595321297645569,0.46329149603843689,0.1761491447687149,0.094606153666973114,0.00086296530207619071,1.9161145701218629e-06,0.0026756110601127148,0.0014966971939429641,0.0031767918262630701,0.0032063962426036596,0.38987541198730469,0.024204704910516739,0.57231336832046509,0.002186148427426815,0.31451910734176636,0.57384532690048218,0.035246171057224274,0.076389394700527191,0.0007496519829146564,2.2414629711420275e-05,0.0096451975405216217,0.0036178841255605221,0.01240592822432518,0.018305016681551933,0.41492927074432373,0.007522971834987402,0.52351456880569458,0.0092871608212590218,0.72141438722610474,0.27858561277389526,0.0013084367383271456,0.39285913109779358,0.59248769283294678,0.013344722799956799,0.068354241549968719,0.1870398074388504,0.71608686447143555,0.028519138693809509,0.33341190218925476,0.20474585890769958,0.46184223890304565,0.39416718482971191,0.0038136045914143324,0.60201919078826904,0.28694844245910645,0.71305161714553833,0.48713305592536926,0.51286691427230835,0.8409540057182312,0.15904600918292999,0.82317823171615601,0.1768217533826828,0.83548742532730103,0.16451258957386017,0.51445513963699341,0.48554486036300659,0.70973062515258789,0.29026931524276733,0.98386305570602417,0.016136916354298592
102,TH--17640025190710,TH-50950,TH,106066,0,80,3,4.6799065321021089,2.0014800002101243,5.3814579806308007,1.8576210228737811,1.6094379124341003,0.69314718055994529,1,0,0,18.59591341244883,13.76144,101.34219999999999,1,1,0,7.6189661112623168e-05,0,0.5,2,1132.6897798147311,1,0,0,0,0,,,,,,,,,,,,,,,,,,,,,,,,,,,,,,,,,,,,,,,,,,,,0,,,,,,,,,,,,,,,,,,,,,,,,,,,,,,,,,,,,,,,,,,,,,,,,,,,,,,,,,,,,,,,,,,,,,,
103,TH-17640017542545,TH-50963,TH,168712,0,80,3,5.4546798841718953,1.9600947840472698,5.5256391212473162,1.7919152439664505,0.69314718055994529,0.69314718055994529,1.0289258304211473,0.0038411578804074305,0,0,13.714254,101.383039,1,0,0,1.9015403338180123e-05,0,,0,4776.2286743862996,0,1,15,3,3,0.20000000000000001,,,,,,,,,,,,,,,,,,,,,,,,,,,,,,,,,,,,,,,,,,,0,,,,,,,,,,,,,,,,,,,,,,,,,,,,,,,,,,,,,,,,,,,,,,,,,,,,,,,,,,,,,,,,,,,,,,
104,TH-17640064521988,TH-50964,TH,151926,0,80,4,5.548414387422504,4.6653241088078383,7.2221282708516732,3.2711171110266068,1.3862943611198906,1.3862943611198906,1.0000022166702902,1.7251205970540114e-05,0,7.7950526241303928,13.747863333333333,101.35049333333332,1,1,0,7.6189661112623168e-05,0,0.5,2,933.59084896732975,1,2,8,2,2,0.25,,,,,,,,,,,,,,,,,,,,,,,,,,,,,,,,,,,,,,,,,,,0,,,,,,,,,,,,,,,,,,,,,,,,,,,,,,,,,,,,,,,,,,,,,,,,,,,,,,,,,,,,,,,,,,,,,,
105,TH-17640065040205,TH-51070,TH,147609,0,80,3,4.9424278283831402,3.4210000089583352,6.8577043700263616,3.1397128073070468,1.0986122886681096,0,1,0,0,0,13.75113,101.356055,1,0,0,1.9015403338180123e-05,0,,0,884.14732677173151,0,2,6,3,2,0.33333333333333331,,,,,,,,,,,,,,,,,,,,,,,,,,,,,,,,,,,,,,,,,,,0,,,,,,,,,,,,,,,,,,,,,,,,,,,,,,,,,,,,,,,,,,,,,,,,,,,,,,,,,,,,,,,,,,,,,,
106,TH-17640064151539,TH-15255,TH,54318,0,80,4,5.3558784770725678,2.8390784635086139,6.2696923229475825,2.4282927287358587,0,0,1.0001836393762129,0.00035228538865956648,0,9.4807715625618521,13.754027499999999,101.36841749999999,1,1,0,7.6189661112623168e-05,0,0.5,2,1144.9199692833922,2,0,0,0,0,,2.6920099788716505,1.3333333333333333,0,0,1,0.33333333333333331,1,0.66666666666666663,3,0.33333333333333331,0.24916271865367889,-0.013632346875965595,0.040405116975307465,-0.095434598624706268,-0.0028944809455424547,-0.047534063458442688,-0.0061003617011010647,-0.041154935956001282,-0.0073819197714328766,-0.027975196018815041,0.0083579747006297112,0.029485940933227539,-0.018506364896893501,-0.011083097197115421,-0.004418517928570509,-0.0019832823891192675,0.077407144010066986,-0.028699075803160667,0.033008135855197906,0.0075901304371654987,-0.010110015980899334,-0.040336158126592636,-0.01620510034263134,-0.049628268927335739,0.026616975665092468,0.044745802879333496,-0.037103597074747086,0.018152341246604919,-0.009733119048178196,0.036443151533603668,-0.019346004351973534,0.025057494640350342,1,0.082637578248977661,0.647288978099823,0.11955106258392334,0.083804421126842499,0.066717945039272308,0.12370610982179642,0.73029607534408569,0.097587354481220245,0.017732258886098862,0.030678221955895424,0.63934266567230225,0.18898965418338776,0.051930427551269531,0.11973724514245987,0.0018310635350644588,0.20419216156005859,0.038642343133687973,0.00063193176174536347,0.049270343035459518,0.010432769544422626,0.44458675384521484,0.036457788199186325,0.12661643326282501,0.087338417768478394,0.06454053521156311,0.77166682481765747,0.12882493436336517,0.034967631101608276,0.043212089687585831,0.010256296023726463,0.052091147750616074,0.027115754783153534,0.035202689468860626,0.0098011977970600128,0.4539962112903595,0.13770444691181183,0.026359580457210541,0.20426054298877716,0.84379023313522339,0.15620981156826019,0.002801553113386035,0.033650469034910202,0.9136199951171875,0.049928009510040283,0.0028719799593091011,0.0052826930768787861,0.96914100646972656,0.022704338654875755,0.45416459441184998,0.40305081009864807,0.14278456568717957,0.22392058372497559,0.027045728638768196,0.74903368949890137,0.71163463592529297,0.28836539387702942,0.073509432375431061,0.92649060487747192,0.79062312841415405,0.20937687158584595,0.38665559887886047,0.61334437131881714,0.68649476766586304,0.31350529193878174,0.87208825349807739,0.1279117614030838,0.7343297004699707,0.2656702995300293,0.99975013732910156,0.00024981671595014632
107,TH-17640021963147,TH-11441,TH,1278954,0,60,1,6.535546014124832,1.5686159179138452,5.0010698838799996,1.0454401642441542,0,0,1.0136628752959684,0.00077925319177272285,0,0,13.727182142857144,101.32854285714286,1,0,0,1.9015403338180123e-05,0,,0,3222.1713461986792,0,2,5,3,2,0.40000000000000002,3.1361764092572932,1.25,0,0,1,0,1,0.5,3,0.25,0.30578738451004028,0.066719003021717072,-0.0072037079371511936,-0.00092742778360843658,0.04070650041103363,0.041074134409427643,0.024348031729459763,-0.037867840379476547,0.038623012602329254,-0.025995833799242973,-0.042796451598405838,0.019733671098947525,-0.013225257396697998,-0.00025361590087413788,-0.013266749680042267,0.0074573326855897903,0.081102699041366577,-0.0065670618787407875,-0.025689601898193359,-0.0090308468788862228,0.0041406769305467606,-0.05822078138589859,0.004311888013035059,-0.011296331882476807,-0.019710643216967583,-0.00091490522027015686,-0.057874709367752075,0.0015936531126499176,-0.01942034438252449,0.0079536037519574165,-0.0090085174888372421,0.0087580299004912376,1,0.53480172157287598,0.32798862457275391,0.051855962723493576,0.04061560332775116,0.044738084077835083,0.29342305660247803,0.40746462345123291,0.18697726726531982,0.040453214198350906,0.071681864559650421,0.22723473608493805,0.30666857957839966,0.23939673602581024,0.22669994831085205,0.00069645460462197661,0.0061140614561736584,0.015020666643977165,0.00081123458221554756,0.018134400248527527,0.0040919920429587364,0.88788390159606934,0.011184077709913254,0.04095090925693512,0.015112324617803097,0.13001701235771179,0.50018805265426636,0.16194616258144379,0.20784875750541687,0.076854534447193146,0.00058676931075751781,0.028124529868364334,0.010445347987115383,0.017971750348806381,0.012618022039532661,0.57513010501861572,0.057739607989788055,0.14713385701179504,0.073395490646362305,0.73017096519470215,0.26982903480529785,0.10102428495883942,0.16820791363716125,0.63348335027694702,0.097284451127052307,0.060671456158161163,0.078109204769134521,0.77472519874572754,0.086494095623493195,0.48694396018981934,0.40293228626251221,0.11012375354766846,0.28272524476051331,0.03056689165532589,0.68670785427093506,0.61779338121414185,0.38220658898353577,0.18636326491832733,0.81363672018051147,0.7223365306854248,0.2776634693145752,0.18872180581092834,0.81127822399139404,0.65455913543701172,0.34544086456298828,0.51598584651947021,0.48401415348052979,0.64231914281845093,0.35768085718154907,0.99791598320007324,0.002084013307467103
108,TH-17640020589977,,TH,586562,0,90,1,5.1339732429847347,,2.2921242533734913,0.40160347071309588,,,1.0001419083619258,0.00038606496242305557,0,0,13.665275000000001,101.385255,1,0,0,1.9015403338180123e-05,0,,0,3603.0202914378124,1,2,4,0,2,0.5,,,,,,,,,,,,,,,,,,,,,,,,,,,,,,,,,,,,,,,,,,,0,,,,,,,,,,,,,,,,,,,,,,,,,,,,,,,,,,,,,,,,,,,,,,,,,,,,,,,,,,,,,,,,,,,,,,
109,TH-17640064924966,,TH,596850,0,90,1,5.4077545612464117,,4.1259663858278017,0.97331078628716383,,,1,0,0,0,13.661719999999999,101.378075,1,0,0,1.9015403338180123e-05,0,,0,4201.020201558209,0,2,6,2,2,0.33333333333333331,,,,,,,,,,,,,,,,,,,,,,,,,,,,,,,,,,,,,,,,,,,0,,,,,,,,,,,,,,,,,,,,,,,,,,,,,,,,,,,,,,,,,,,,,,,,,,,,,,,,,,,,,,,,,,,,,,
110,TH-17640020344625,,TH,645487,0,90,1,5.1600318337436937,,3.49950207256185,0.66479259384461775,,,1,0,0,5.7761924590955722,13.666910000000001,101.38831,1,1,0,7.6189661112623168e-05,0,0.5,2,3443.8277290086107,2,2,4,1,2,0.5,,,,,,,,,,,,,,,,,,,,,,,,,,,,,,,,,,,,,,,,,,,0,,,,,,,,,,,,,,,,,,,,,,,,,,,,,,,,,,,,,,,,,,,,,,,,,,,,,,,,,,,,,,,,,,,,,,
111,TH-17640020344627,,TH,673644,0,90,1,4.8234217912218735,,3.7108180111564981,0.70445783313773924,,,1,0,0,8.1300234698486733,13.667515,101.38953000000001,1,1,0,7.6189661112623168e-05,0,0.5,2,3415.9849507240033,1,3,4,0,4,1,,,,,,,,,,,,,,,,,,,,,,,,,,,,,,,,,,,,,,,,,,,0,,,,,,,,,,,,,,,,,,,,,,,,,,,,,,,,,,,,,,,,,,,,,,,,,,,,,,,,,,,,,,,,,,,,,,
112,TH-17640021963442,TH-11718,TH,944649,0,90,1,6.5016199463236681,0,3.3351701079610629,0.41277368104833578,0,0,1.005563245785051,0.00063174126199073283,0,0,13.747152,101.43482500000002,1,0,0,1.9015403338180123e-05,0,,0,2742.3895086463563,0,2,4,1,2,0.5,2.5048188665243671,1.8125,0.125,0.75,1,0.75,0.625,0,0.375,1,0.12474130094051361,0.21285291016101837,-0.050532251596450806,-0.05403481051325798,0.026194604113698006,0.060295313596725464,-0.011762458831071854,0.044659119099378586,0.019598092883825302,0.038414545357227325,-0.02441268227994442,0.0034161359071731567,-0.086082950234413147,-0.059010341763496399,0.028890080749988556,0.0063111856579780579,0.024950144812464714,0.017755141481757164,0.048387058079242706,-0.01325126551091671,0.0233756173402071,-0.045877866446971893,-0.040596365928649902,-0.035840373486280441,0.018777336925268173,-0.0004537627100944519,-0.0094644380733370781,0.013734366744756699,-0.05073922872543335,0.010212808847427368,-0.0082596298307180405,0.042439617216587067,1,0.69940638542175293,0.21675892174243927,0.032959304749965668,0.026319818571209908,0.024555584415793419,0.75665509700775146,0.19614714384078979,0.0067129163071513176,0.018519390374422073,0.021965436637401581,0.14446844160556793,0.20282207429409027,0.34673675894737244,0.30597272515296936,0.03824751079082489,0.0002249005192425102,0.030966861173510551,0.0069216429255902767,0.029713692143559456,0.0060946890152990818,0.61382770538330078,0.035089872777462006,0.17737115919589996,0.061541959643363953,0.21877329051494598,0.26142996549606323,0.23795497417449951,0.28184178471565247,0.017572585493326187,0.00041976012289524078,0.039840348064899445,0.032898072153329849,0.027722587808966637,0.0057803057134151459,0.37216365337371826,0.012269602157175541,0.33828204870223999,0.15305104851722717,0.59314143657684326,0.40685853362083435,0.052965845912694931,0.47583720088005066,0.34611976146697998,0.12507717311382294,0.096631266176700592,0.47630080580711365,0.32201915979385376,0.1050487756729126,0.32675608992576599,0.26701873540878296,0.40622514486312866,0.33550354838371277,0.15920676290988922,0.50528967380523682,0.567726731300354,0.432273268699646,0.17840549349784851,0.8215944766998291,0.69653487205505371,0.30346512794494629,0.36924520134925842,0.63075482845306396,0.63599699735641479,0.36400297284126282,0.34382897615432739,0.65617102384567261,0.61303675174713135,0.38696321845054626,0.91026151180267334,0.089738473296165466
113,TH-17640065147288,TH-11631,TH,862702,0,60,1,5.6493966841296093,0,3.4323764527275324,0.70939561021001141,0,0,1.0022267001656211,0.00067704874234887906,0,3.5262594715901807,13.756346666666666,101.40154333333334,1,0,0,1.9015403338180123e-05,0,,0,2723.0815462564233,1,2,4,4,2,0.5,2.8008245513406167,1.25,0,0.5,1,1,1,0,1.5,1,0.24136278033256531,0.21314951777458191,-0.06816660612821579,0.0018466934561729431,0.079443462193012238,0.059305004775524139,0.059863276779651642,0.032599136233329773,-0.0090831536799669266,-0.041835788637399673,-0.038921058177947998,-0.013828746974468231,-0.045236945152282715,-0.052540082484483719,0.030998865142464638,0.046899296343326569,0.021594304591417313,0.023032508790493011,-0.026391748338937759,0.034995444118976593,0.043845206499099731,-0.046051770448684692,0.01133100688457489,0.017149686813354492,0.012697311118245125,0.016774591058492661,-0.045430101454257965,-0.019232425838708878,-0.02659003809094429,-0.016273707151412964,-0.056990567594766617,-0.010468458756804466,1,0.65526533126831055,0.24854405224323273,0.021370675414800644,0.033932860940694809,0.040887095034122467,0.77553141117095947,0.12936031818389893,0.015703078359365463,0.023813895881175995,0.055591318756341934,0.21010664105415344,0.1476256400346756,0.2757449746131897,0.36652272939682007,0.0010456686140969396,4.8764537496026605e-05,0.0039035941008478403,0.00022040361363906413,0.0025423662737011909,0.00072710099630057812,0.49152415990829468,0.004043221939355135,0.49284228682518005,0.0031024622730910778,0.45037311315536499,0.1035953164100647,0.056493431329727173,0.38953810930252075,0.03211052343249321,0.00010460403427714482,0.012251924723386765,0.0046913623809814453,0.0079669570550322533,0.00065349915530532598,0.13204550743103027,0.0055509959347546101,0.7715725302696228,0.033052101731300354,0.69904959201812744,0.30095040798187256,0.1182544082403183,0.34945902228355408,0.4148327112197876,0.11745387315750122,0.16072380542755127,0.32374885678291321,0.47734460234642029,0.038182765245437622,0.33375495672225952,0.41397008299827576,0.25227496027946472,0.3054451048374176,0.065884828567504883,0.6286700963973999,0.59078681468963623,0.40921315550804138,0.37482467293739319,0.6251753568649292,0.72949111461639404,0.27050891518592834,0.47053653001785278,0.52946346998214722,0.60042357444763184,0.39957642555236816,0.80890244245529175,0.19109755754470825,0.5699993371963501,0.43000072240829468,0.85963618755340576,0.14036382734775543
114,TH-17640020220827,TH-11739,TH,553218,0,90,1,5.5750775112992601,0,4.3472549791542532,1.1765357801534471,0,0,1,0,0,0,13.700185000000001,101.43076500000001,1,0,0,1.9015403338180123e-05,0,,0,3534.8813975381772,0,2,5,2,3,0.59999999999999998,,,,,,,,,,,,,,,,,,,,,,,,,,,,,,,,,,,,,,,,,,,0,,,,,,,,,,,,,,,,,,,,,,,,,,,,,,,,,,,,,,,,,,,,,,,,,,,,,,,,,,,,,,,,,,,,,,
115,TH-17640020644300,TH-11718,TH,844527,0,60,1,4.9723101797745883,0,2.3874078406469876,0.35752974123515791,0,0,1.0000751496008504,0.0001832720855522211,0,0,13.746513333333333,101.44329666666665,1,0,0,1.9015403338180123e-05,0,,0,2525.48329285513,0,2,5,1,2,0.40000000000000002,2.5048188665243671,1.8125,0.125,0.75,1,0.75,0.625,0,0.375,1,0.12474130094051361,0.21285291016101837,-0.050532251596450806,-0.05403481051325798,0.026194604113698006,0.060295313596725464,-0.011762458831071854,0.044659119099378586,0.019598092883825302,0.038414545357227325,-0.02441268227994442,0.0034161359071731567,-0.086082950234413147,-0.059010341763496399,0.028890080749988556,0.0063111856579780579,0.024950144812464714,0.017755141481757164,0.048387058079242706,-0.01325126551091671,0.0233756173402071,-0.045877866446971893,-0.040596365928649902,-0.035840373486280441,0.018777336925268173,-0.0004537627100944519,-0.0094644380733370781,0.013734366744756699,-0.05073922872543335,0.010212808847427368,-0.0082596298307180405,0.042439617216587067,1,0.69940638542175293,0.21675892174243927,0.032959304749965668,0.026319818571209908,0.024555584415793419,0.75665509700775146,0.19614714384078979,0.0067129163071513176,0.018519390374422073,0.021965436637401581,0.14446844160556793,0.20282207429409027,0.34673675894737244,0.30597272515296936,0.03824751079082489,0.0002249005192425102,0.030966861173510551,0.0069216429255902767,0.029713692143559456,0.0060946890152990818,0.61382770538330078,0.035089872777462006,0.17737115919589996,0.061541959643363953,0.21877329051494598,0.26142996549606323,0.23795497417449951,0.28184178471565247,0.017572585493326187,0.00041976012289524078,0.039840348064899445,0.032898072153329849,0.027722587808966637,0.0057803057134151459,0.37216365337371826,0.012269602157175541,0.33828204870223999,0.15305104851722717,0.59314143657684326,0.40685853362083435,0.052965845912694931,0.47583720088005066,0.34611976146697998,0.12507717311382294,0.096631266176700592,0.47630080580711365,0.32201915979385376,0.1050487756729126,0.32675608992576599,0.26701873540878296,0.40622514486312866,0.33550354838371277,0.15920676290988922,0.50528967380523682,0.567726731300354,0.432273268699646,0.17840549349784851,0.8215944766998291,0.69653487205505371,0.30346512794494629,0.36924520134925842,0.63075482845306396,0.63599699735641479,0.36400297284126282,0.34382897615432739,0.65617102384567261,0.61303675174713135,0.38696321845054626,0.91026151180267334,0.089738473296165466
116,TH-17640031638325,TH-35263,TH,1421688,1,80,5,3.8747364206421295,5.5186569905295118,8.1192953307949214,4.5190389635259933,3.1780538303479458,2.6390573296152589,1,0,0,0,13.727959999999999,100.532915,1,0,0,1.9015403338180123e-05,0,,0,671.00402553273739,1,2,6,3,3,0.5,3.4652261879933954,1,0,1,0.5,0,1,0,3,0,0.21755930781364441,-0.0081760510802268982,0.13265401124954224,0.04761737585067749,0.00078999251127243042,-0.060484409332275391,0.052044108510017395,-0.14863772690296173,-0.0062723774462938309,-0.010908307507634163,-0.047956213355064392,0.15007941424846649,0.052940160036087036,0.13335196673870087,-0.079015731811523438,0.04643084853887558,0.035695895552635193,0.031477198004722595,0.011522689834237099,-0.01925080269575119,-0.043676652014255524,0.034230329096317291,0.01519406121224165,-0.016478579491376877,0.03336092084646225,0.045317776501178741,-0.057268291711807251,-0.075656235218048096,-0.053276348859071732,0.047966256737709045,-0.021976549178361893,-0.0045464430004358292,1,0.44771775603294373,0.051394660025835037,0.21205583214759827,0.14762775599956512,0.14120399951934814,0.020485050976276398,0.33380663394927979,0.42381179332733154,0.082423493266105652,0.13947300612926483,0.43387824296951294,0.003833430353552103,0.51650047302246094,0.045787815004587173,0.00011152851220685989,0.0030504013411700726,0.05938073992729187,0.012725828215479851,0.029618173837661743,0.043150205165147781,0.41549387574195862,0.047753479331731796,0.0061674211174249649,0.38254833221435547,0.86899101734161377,0.023749394342303276,0.04360445961356163,0.063655108213424683,0.0029643375892192125,0.00066996773239225149,0.12430618703365326,0.0061462940648198128,0.052925366908311844,0.046360962092876434,0.12420918047428131,0.17167717218399048,0.048355609178543091,0.42238491773605347,0.61568272113800049,0.38431733846664429,0.14118832349777222,0.0084897391498088837,0.80473750829696655,0.045584447681903839,0.00053054280579090118,0.0016035693697631359,0.98992472887039185,0.0079411529004573822,0.97547006607055664,0.021162096410989761,0.0033678603358566761,0.3743245005607605,0.031195588409900665,0.59447991847991943,0.34183397889137268,0.65816605091094971,0.9086078405380249,0.09139212965965271,0.81927949190139771,0.18072050809860229,0.029518339782953262,0.97048163414001465,0.84472835063934326,0.15527163445949554,0.89989960193634033,0.10010040551424026,0.81634581089019775,0.18365415930747986,0.99999892711639404,1.0443299061080324e-06
117,TH--17640031925506,TH-35410,TH,641040,0,80,5,4.3728597468490644,2.2300144001592104,9.2459671433215682,5.5608441264835244,0,1.0986122886681096,1.0129541660619421,0.0052450366010400838,0,12.844179280520402,13.75347,100.6157225,1,1,0,7.6189661112623168e-05,0,0.5,2,469.81615535908674,5,3,5,3,3,0.59999999999999998,2.292045821267497,1,0,1,0,0,1,0,3,0,-0.037470642477273941,-0.039260491728782654,0.19204440712928772,0.027085870504379272,-0.019369058310985565,-0.11366621404886246,-0.030117660760879517,-0.076897859573364258,-0.098155602812767029,0.027280542999505997,-0.11956271529197693,0.024520948529243469,0.11634358018636703,0.050226405262947083,-0.12924762070178986,-0.013213314116001129,0.058681048452854156,0.073274120688438416,0.0032339133322238922,0.043098241090774536,0.028819799423217773,0.0040248697623610497,0.033924456685781479,0.083219103515148163,0.099000073969364166,-0.077948272228240967,-0.043583985418081284,-0.011613324284553528,-0.053990796208381653,-0.043107796460390091,0.03043442964553833,0.027558431029319763,1,0.13525213301181793,0.60026627779006958,0.061031170189380646,0.080367550253868103,0.12308288365602493,0.003477791789919138,0.91592484712600708,0.0059481482021510601,0.014717776328325272,0.059931449592113495,0.38242533802986145,0.052668623626232147,0.55974090099334717,0.0051651564426720142,2.5287785319960676e-05,0.00034036871511489153,0.011241634376347065,0.0082166986539959908,0.007163388654589653,0.0015161862829700112,0.5218358039855957,0.036362804472446442,0.40532392263412476,0.007973918691277504,0.56397348642349243,0.070125199854373932,0.078689724206924438,0.28721159696578979,0.00017395736358594149,0.0003509970847517252,0.060706663876771927,0.021578013896942139,0.042920883744955063,0.12808912992477417,0.027305113151669502,0.44595381617546082,0.14269354939460754,0.13022789359092712,0.8100321888923645,0.1899677962064743,1.2692876225628424e-05,0.092484891414642334,0.90286344289779663,0.0046389782801270485,0.00011719539907062426,0.00091602664906531572,0.98825651407241821,0.010710250586271286,0.70550209283828735,0.20516709983348846,0.089330784976482391,0.063435360789299011,1.8811622794601135e-05,0.93654584884643555,0.07956232875585556,0.92043769359588623,0.71872687339782715,0.28127312660217285,0.61688822507858276,0.38311180472373962,0.46652111411094666,0.53347891569137573,0.87543755769729614,0.12456243485212326,0.98614692687988281,0.013853089883923531,0.88403379917144775,0.11596619337797165,0.99999982118606567,1.7969003351936408e-07
118,TH--17640031953943,TH-35661,TH,965265,0,30,5,3.4336645717996568,2.9704144655697009,8.9654930980495742,5.4144788809621325,0,0.69314718055994529,1,0,0,65.666965561395884,13.795155000000001,100.60814999999999,1,0,0,1.9015403338180123e-05,0,,0,849.45034969838559,2,3,5,3,3,0.59999999999999998,,,,,,,,,,,,,,,,,,,,,,,,,,,,,,,,,,,,,,,,,,,0,,,,,,,,,,,,,,,,,,,,,,,,,,,,,,,,,,,,,,,,,,,,,,,,,,,,,,,,,,,,,,,,,,,,,,
119,TH--17640063901411,TH-36532,TH,373909,0,80,2,3.6341592419137032,1.2237754316221157,6.8431637845380218,3.2963000702729506,0,0.69314718055994529,1,0,0,27.347850321984417,9.1097149999999996,99.235219999999998,1,0,0,1.9015403338180123e-05,0,,0,566.37088902051721,3,2,5,2,2,0.40000000000000002,,,,,,,,,,,,,,,,,,,,,,,,,,,,,,,,,,,,,,,,,,,0,,,,,,,,,,,,,,,,,,,,,,,,,,,,,,,,,,,,,,,,,,,,,,,,,,,,,,,,,,,,,,,,,,,,,,
120,TH-17640065024443,TH-39110,TH,180635,0,90,5,4.1850989254905651,1.1314021114911004,5.1761385133677003,1.8207375499216201,0,0,1.0056515687365339,0.0051157928380693414,0,30.838716475650784,9.1917124999999995,99.253515000000007,1,1,0,7.6189661112623168e-05,0,0.5,2,1385.0149475695089,4,0,0,0,0,,2.8684874131040043,2,0,0,1,0,1,0,3,0,0.017058815807104111,-0.16181394457817078,0.034040492027997971,0.02993687242269516,-0.066008403897285461,-0.12618792057037354,-0.026211321353912354,0.16035212576389313,-0.0022310912609100342,-0.10058682411909103,0.080914683640003204,-0.038918986916542053,-0.038202553987503052,-0.00342557393014431,0.07010427862405777,-0.081677831709384918,0.083379931747913361,0.0040543209761381149,0.0061177164316177368,0.038032881915569305,-0.014928825199604034,-0.016370706260204315,-0.020396646112203598,0.024050377309322357,-0.072825923562049866,0.069692268967628479,0.023777792230248451,-0.028993725776672363,-0.011534524150192738,0.010721828788518906,0.034006766974925995,0.008841387927532196,1,0.34032633900642395,0.43153136968612671,0.0063807987608015537,0.10129427164793015,0.12046721577644348,0.001670980709604919,0.97113639116287231,0.011058785952627659,0.0047085084952414036,0.011425322853028774,0.38089388608932495,0.40921762585639954,0.18626278638839722,0.023625694215297699,0.30064260959625244,0.0029219952411949635,0.041820555925369263,0.013017138466238976,0.075170561671257019,0.0067113339900970459,0.45568320155143738,0.070466779172420502,0.0045177456922829151,0.029048062860965729,0.0049720238894224167,0.94536793231964111,0.034330811351537704,0.015329211950302124,0.018578406423330307,0.0013796752318739891,0.06998162716627121,0.30282780528068542,0.10260086506605148,0.038353532552719116,0.091275297105312347,0.055038530379533768,0.042592275887727737,0.27737197279930115,0.75527286529541016,0.24472710490226746,0.027591962367296219,0.051248431205749512,0.8052297830581665,0.11592980474233627,0.39597168564796448,0.084884844720363617,0.12077465653419495,0.39836883544921875,0.85979437828063965,0.09499070793390274,0.045214936137199402,0.48714098334312439,0.21034550666809082,0.30251350998878479,0.1530386209487915,0.8469613790512085,0.76883047819137573,0.23116950690746307,0.41461759805679321,0.58538240194320679,0.62534350156784058,0.37465649843215942,0.81623470783233643,0.18376529216766357,0.65836459398269653,0.34163540601730347,0.62899923324584961,0.37100079655647278,0.85879772901535034,0.14120225608348846
121,TH--17640065024443,TH-39110,TH,152092,0,90,5,4.1850989254905651,1.1314021114911004,5.1761385133677003,1.8207375499216201,0,0,1.0056515687365339,0.0051157928380693414,0,30.838716475650784,9.1917124999999995,99.253515000000007,1,1,0,7.6189661112623168e-05,0,0.5,2,1385.0149475695089,4,2,4,2,2,0.5,2.8684874131040043,2,0,0,1,0,1,0,3,0,0.017058815807104111,-0.16181394457817078,0.034040492027997971,0.02993687242269516,-0.066008403897285461,-0.12618792057037354,-0.026211321353912354,0.16035212576389313,-0.0022310912609100342,-0.10058682411909103,0.080914683640003204,-0.038918986916542053,-0.038202553987503052,-0.00342557393014431,0.07010427862405777,-0.081677831709384918,0.083379931747913361,0.0040543209761381149,0.0061177164316177368,0.038032881915569305,-0.014928825199604034,-0.016370706260204315,-0.020396646112203598,0.024050377309322357,-0.072825923562049866,0.069692268967628479,0.023777792230248451,-0.028993725776672363,-0.011534524150192738,0.010721828788518906,0.034006766974925995,0.008841387927532196,1,0.34032633900642395,0.43153136968612671,0.0063807987608015537,0.10129427164793015,0.12046721577644348,0.001670980709604919,0.97113639116287231,0.011058785952627659,0.0047085084952414036,0.011425322853028774,0.38089388608932495,0.40921762585639954,0.18626278638839722,0.023625694215297699,0.30064260959625244,0.0029219952411949635,0.041820555925369263,0.013017138466238976,0.075170561671257019,0.0067113339900970459,0.45568320155143738,0.070466779172420502,0.0045177456922829151,0.029048062860965729,0.0049720238894224167,0.94536793231964111,0.034330811351537704,0.015329211950302124,0.018578406423330307,0.0013796752318739891,0.06998162716627121,0.30282780528068542,0.10260086506605148,0.038353532552719116,0.091275297105312347,0.055038530379533768,0.042592275887727737,0.27737197279930115,0.75527286529541016,0.24472710490226746,0.027591962367296219,0.051248431205749512,0.8052297830581665,0.11592980474233627,0.39597168564796448,0.084884844720363617,0.12077465653419495,0.39836883544921875,0.85979437828063965,0.09499070793390274,0.045214936137199402,0.48714098334312439,0.21034550666809082,0.30251350998878479,0.1530386209487915,0.8469613790512085,0.76883047819137573,0.23116950690746307,0.41461759805679321,0.58538240194320679,0.62534350156784058,0.37465649843215942,0.81623470783233643,0.18376529216766357,0.65836459398269653,0.34163540601730347,0.62899923324584961,0.37100079655647278,0.85879772901535034,0.14120225608348846
122,TH-17640064342703,TH-47727,TH,1995295,0,70,5,4.4941268871947671,1.7047480922384251,7.8093195312507024,4.2129094989834677,0,0,1.0003483371362185,0.00071958913379891376,0,11.321393675611823,13.7485125,100.65961999999999,1,0,0,1.9015403338180123e-05,0,,0,1108.485062942877,1,2,4,1,3,0.75,2.7844244034761516,1.25,0,0.5,0.5,0.5,1,0,1.5,0.5,0.12317734956741333,-0.054946199059486389,0.088621705770492554,0.083748504519462585,-0.13477246463298798,-0.058066148310899734,0.041629433631896973,-0.024654120206832886,0.031463488936424255,-0.023185234516859055,0.01706123910844326,0.013821810483932495,-0.015734575688838959,0.036640506237745285,-0.01471417024731636,-0.0089745894074440002,0.13839529454708099,0.017772847786545753,0.024832084774971008,0.01354173943400383,-0.040116436779499054,0.017518933862447739,0.018319638445973396,0.047494985163211823,0.09481976181268692,-0.010978847742080688,0.0068927500396966934,-0.0023626387119293213,0.017555428668856621,0.019416064023971558,0.0029299557209014893,0.0054189525544643402,1,0.51599055528640747,0.23148250579833984,0.074542097747325897,0.044363543391227722,0.13362130522727966,0.066963434219360352,0.68435847759246826,0.055008172988891602,0.054195493459701538,0.13947442173957825,0.76635706424713135,0.13112349808216095,0.075449489057064056,0.027069948613643646,0.0012024391908198595,0.41384583711624146,0.047088470309972763,0.0023815163876861334,0.06497974693775177,0.024655060842633247,0.07221975177526474,0.29254549741744995,0.037502069026231766,0.043579582124948502,0.090251661837100983,0.78606563806533813,0.022639850154519081,0.10104285180568695,0.0095216557383537292,0.0085824849084019661,0.11134804785251617,0.088678568601608276,0.048965934664011002,0.057935595512390137,0.24911952018737793,0.24097797274589539,0.024518869817256927,0.16035133600234985,0.63792592287063599,0.36207407712936401,0.00026876662741415203,0.041380930691957474,0.93085741996765137,0.027492862194776535,0.023545052856206894,0.035074643790721893,0.88172042369842529,0.059659898281097412,0.54317361116409302,0.22314934432506561,0.23367701470851898,0.41997945308685303,0.011788069270551205,0.56823247671127319,0.21510778367519379,0.78489220142364502,0.2394690215587616,0.76053094863891602,0.63022494316101074,0.36977505683898926,0.20165605843067169,0.7983439564704895,0.77796828746795654,0.22203177213668823,0.98298686742782593,0.017013128846883774,0.72322893142700195,0.27677103877067566,0.80280059576034546,0.19719938933849335
123,TH--17640037431204,TH-15320,TH,581213,0,80,2,3.0582374789053879,2.7850112422383382,7.1717548988210371,3.6421828728315337,1.3862943611198906,1.3862943611198906,1,0,0,336.31158180377315,13.744865000000001,100.53874500000001,1,1,0,7.6189661112623168e-05,0,0.5,2,576.37127602846226,3,0,0,0,0,,3.2893928967782982,1,0,1,1,0,1,0,3,0,0.11638626456260681,0.081658013164997101,0.20328605175018311,0.20013704895973206,-0.0226941779255867,-0.099424377083778381,0.062597259879112244,-0.21824920177459717,0.064272224903106689,0.041840802878141403,0.088935263454914093,0.093330547213554382,0.025208763778209686,0.13019874691963196,-0.10783578455448151,-0.0066546350717544556,0.030756630003452301,-0.082666628062725067,-0.012424036860466003,-0.019091671332716942,-0.024332977831363678,-0.035351000726222992,-0.024854175746440887,0.0096803531050682068,0.022614181041717529,0.021691478788852692,-0.16162312030792236,-0.014285162091255188,-0.047304190695285797,-0.0079557038843631744,0.0014571622014045715,0.036552354693412781,1,0.64476186037063599,0.19683924317359924,0.039016395807266235,0.042194325476884842,0.077188178896903992,0.0025177868083119392,0.34780949354171753,0.45203152298927307,0.084294430911540985,0.11334676295518875,0.36656156182289124,0.43055617809295654,0.15095129609107971,0.051930949091911316,0.000171716368640773,0.010154124349355698,0.007585267536342144,0.0034333504736423492,0.011799143627285957,0.0067951120436191559,0.0084810145199298859,0.89188146591186523,0.020534353330731392,0.039164472371339798,0.83584272861480713,0.012135212309658527,0.093777269124984741,0.058244790881872177,0.010223106481134892,0.0043094446882605553,0.069977916777133942,0.017919503152370453,0.11981231719255447,0.041812945157289505,0.053515400737524033,0.045615598559379578,0.60741525888442993,0.029398517683148384,0.75123989582061768,0.24876011908054352,0.4869086742401123,0.055380012840032578,0.30568414926528931,0.15202715992927551,0.00065654434729367495,0.046616353094577789,0.90811562538146973,0.044611476361751556,0.91964221000671387,0.078156232833862305,0.0022015587892383337,0.42307361960411072,0.12467247247695923,0.45225390791893005,0.26188069581985474,0.73811930418014526,0.90440273284912109,0.095597252249717712,0.62749648094177246,0.37250354886054993,0.04462125152349472,0.95537877082824707,0.71553987264633179,0.28446009755134583,0.58700412511825562,0.41299587488174438,0.56417387723922729,0.43582612276077271,0.99999934434890747,6.4241424979627482e-07
124,TH-17640037431204,TH-15320,TH,522490,0,80,2,3.0582374789053879,2.7850112422383382,7.1717548988210371,3.6421828728315337,1.3862943611198906,1.3862943611198906,1,0,0,336.31158180377315,13.744865000000001,100.53874500000001,1,1,0,7.6189661112623168e-05,0,0.5,2,576.37127602846226,3,2,4,3,2,0.5,3.2893928967782982,1,0,1,1,0,1,0,3,0,0.11638626456260681,0.081658013164997101,0.20328605175018311,0.20013704895973206,-0.0226941779255867,-0.099424377083778381,0.062597259879112244,-0.21824920177459717,0.064272224903106689,0.041840802878141403,0.088935263454914093,0.093330547213554382,0.025208763778209686,0.13019874691963196,-0.10783578455448151,-0.0066546350717544556,0.030756630003452301,-0.082666628062725067,-0.012424036860466003,-0.019091671332716942,-0.024332977831363678,-0.035351000726222992,-0.024854175746440887,0.0096803531050682068,0.022614181041717529,0.021691478788852692,-0.16162312030792236,-0.014285162091255188,-0.047304190695285797,-0.0079557038843631744,0.0014571622014045715,0.036552354693412781,1,0.64476186037063599,0.19683924317359924,0.039016395807266235,0.042194325476884842,0.077188178896903992,0.0025177868083119392,0.34780949354171753,0.45203152298927307,0.084294430911540985,0.11334676295518875,0.36656156182289124,0.43055617809295654,0.15095129609107971,0.051930949091911316,0.000171716368640773,0.010154124349355698,0.007585267536342144,0.0034333504736423492,0.011799143627285957,0.0067951120436191559,0.0084810145199298859,0.89188146591186523,0.020534353330731392,0.039164472371339798,0.83584272861480713,0.012135212309658527,0.093777269124984741,0.058244790881872177,0.010223106481134892,0.0043094446882605553,0.069977916777133942,0.017919503152370453,0.11981231719255447,0.041812945157289505,0.053515400737524033,0.045615598559379578,0.60741525888442993,0.029398517683148384,0.75123989582061768,0.24876011908054352,0.4869086742401123,0.055380012840032578,0.30568414926528931,0.15202715992927551,0.00065654434729367495,0.046616353094577789,0.90811562538146973,0.044611476361751556,0.91964221000671387,0.078156232833862305,0.0022015587892383337,0.42307361960411072,0.12467247247695923,0.45225390791893005,0.26188069581985474,0.73811930418014526,0.90440273284912109,0.095597252249717712,0.62749648094177246,0.37250354886054993,0.04462125152349472,0.95537877082824707,0.71553987264633179,0.28446009755134583,0.58700412511825562,0.41299587488174438,0.56417387723922729,0.43582612276077271,0.99999934434890747,6.4241424979627482e-07
125,TH-17640064723224,TH-15320,TH,1004468,0,80,2,4.5302310993235979,2.7850112422383382,7.2943531173272671,3.6562797102776172,1.3862943611198906,1.3862943611198906,1.0001365456385498,0.00047244346610809181,0,21.953911042667603,13.744886666666666,100.53792666666668,1,0,0,1.9015403338180123e-05,0,,0,617.94643959576672,3,2,6,2,3,0.5,3.2893928967782982,1,0,1,1,0,1,0,3,0,0.11638626456260681,0.081658013164997101,0.20328605175018311,0.20013704895973206,-0.0226941779255867,-0.099424377083778381,0.062597259879112244,-0.21824920177459717,0.064272224903106689,0.041840802878141403,0.088935263454914093,0.093330547213554382,0.025208763778209686,0.13019874691963196,-0.10783578455448151,-0.0066546350717544556,0.030756630003452301,-0.082666628062725067,-0.012424036860466003,-0.019091671332716942,-0.024332977831363678,-0.035351000726222992,-0.024854175746440887,0.0096803531050682068,0.022614181041717529,0.021691478788852692,-0.16162312030792236,-0.014285162091255188,-0.047304190695285797,-0.0079557038843631744,0.0014571622014045715,0.036552354693412781,1,0.64476186037063599,0.19683924317359924,0.039016395807266235,0.042194325476884842,0.077188178896903992,0.0025177868083119392,0.34780949354171753,0.45203152298927307,0.084294430911540985,0.11334676295518875,0.36656156182289124,0.43055617809295654,0.15095129609107971,0.051930949091911316,0.000171716368640773,0.010154124349355698,0.007585267536342144,0.0034333504736423492,0.011799143627285957,0.0067951120436191559,0.0084810145199298859,0.89188146591186523,0.020534353330731392,0.039164472371339798,0.83584272861480713,0.012135212309658527,0.093777269124984741,0.058244790881872177,0.010223106481134892,0.0043094446882605553,0.069977916777133942,0.017919503152370453,0.11981231719255447,0.041812945157289505,0.053515400737524033,0.045615598559379578,0.60741525888442993,0.029398517683148384,0.75123989582061768,0.24876011908054352,0.4869086742401123,0.055380012840032578,0.30568414926528931,0.15202715992927551,0.00065654434729367495,0.046616353094577789,0.90811562538146973,0.044611476361751556,0.91964221000671387,0.078156232833862305,0.0022015587892383337,0.42307361960411072,0.12467247247695923,0.45225390791893005,0.26188069581985474,0.73811930418014526,0.90440273284912109,0.095597252249717712,0.62749648094177246,0.37250354886054993,0.04462125152349472,0.95537877082824707,0.71553987264633179,0.28446009755134583,0.58700412511825562,0.41299587488174438,0.56417387723922729,0.43582612276077271,0.99999934434890747,6.4241424979627482e-07
126,TH-17640033117669,,TH,1323242,0,80,2,3.5103506955586781,,7.7158964944129336,4.1208959125352189,,,1,0,0,214.4882985901526,13.733915,100.52616,1,0,0,1.9015403338180123e-05,0,,0,605.5574902544239,3,2,3,1,2,0.66666666666666663,,,,,,,,,,,,,,,,,,,,,,,,,,,,,,,,,,,,,,,,,,,0,,,,,,,,,,,,,,,,,,,,,,,,,,,,,,,,,,,,,,,,,,,,,,,,,,,,,,,,,,,,,,,,,,,,,,
127,TH-17640032219016,,TH,1583664,0,80,2,3.9525889671748078,,7.7158964944129336,4.1208959125352189,,,1,0,0,77.542372421091969,13.734,100.52612999999999,1,0,0,1.9015403338180123e-05,0,,0,609.05443601293359,3,2,8,2,2,0.25,,,,,,,,,,,,,,,,,,,,,,,,,,,,,,,,,,,,,,,,,,,0,,,,,,,,,,,,,,,,,,,,,,,,,,,,,,,,,,,,,,,,,,,,,,,,,,,,,,,,,,,,,,,,,,,,,,
128,TH-17640033117668,,TH,1121395,0,80,2,3.7206203398979989,,7.7677546209537578,4.1457041621945141,,,1.0000554802296258,0.00054179368701889918,0,122.24645095394446,13.733836666666667,100.52615666666667,1,0,0,1.9015403338180123e-05,0,,0,604.97619699753227,3,2,6,1,2,0.33333333333333331,,,,,,,,,,,,,,,,,,,,,,,,,,,,,,,,,,,,,,,,,,,0,,,,,,,,,,,,,,,,,,,,,,,,,,,,,,,,,,,,,,,,,,,,,,,,,,,,,,,,,,,,,,,,,,,,,,
129,TH-17640063899278,TH-15894,TH,1133962,0,80,2,4.3098590863718194,2.341805806147327,7.7422644059184194,4.0701726593130401,0.69314718055994529,0,1.0002673373870545,0.00082113855802617075,0,0,13.73133,100.53197666666667,1,0,0,1.9015403338180123e-05,0,,0,650.86161802021638,1,3,5,3,3,0.59999999999999998,,,,,,,,,,,,,,,,,,,,,,,,,,,,,,,,,,,,,,,,,,,0,,,,,,,,,,,,,,,,,,,,,,,,,,,,,,,,,,,,,,,,,,,,,,,,,,,,,,,,,,,,,,,,,,,,,,
130,TH-17640035667751,,TH,1652395,0,80,2,4.1671302319477483,,7.6799927717539562,4.1402298880748232,,,1,0,0,0,13.728359999999999,100.53928999999999,1,0,0,1.9015403338180123e-05,0,,0,503.95145176555127,4,2,5,2,2,0.40000000000000002,,,,,,,,,,,,,,,,,,,,,,,,,,,,,,,,,,,,,,,,,,,0,,,,,,,,,,,,,,,,,,,,,,,,,,,,,,,,,,,,,,,,,,,,,,,,,,,,,,,,,,,,,,,,,,,,,,
131,TH-17640034161991,,TH,4366316,0,80,2,4.0271358125286509,,7.5821428829046509,4.0724550479356223,,,1.0011016913442785,0.0019602963016505325,0,0,13.727559999999999,100.54155666666668,1,0,0,1.9015403338180123e-05,0,,0,559.38906981735499,2,2,6,2,2,0.33333333333333331,,,,,,,,,,,,,,,,,,,,,,,,,,,,,,,,,,,,,,,,,,,0,,,,,,,,,,,,,,,,,,,,,,,,,,,,,,,,,,,,,,,,,,,,,,,,,,,,,,,,,,,,,,,,,,,,,,
132,TH-17640031678835,TH-15907,TH,5695133,0,80,2,3.3435682688255191,5.2719733912084346,8.7242767644827861,5.1464323573210811,2.6390573296152589,2.3978952727983707,1,0,0,71.93851110882467,13.724245,100.54945000000001,1,0,0,1.9015403338180123e-05,0,,0,1026.1051479939597,0,1,8,3,2,0.25,3.223060333025471,1,0,1,0.16666666666666666,0,1,0,3,0,0.1388704925775528,0.011113148182630539,0.21014291048049927,0.13071541488170624,-0.020491877570748329,-0.098043613135814667,0.036142092198133469,-0.048700433224439621,0.0048870197497308254,0.040598433464765549,-0.052785709500312805,0.063189156353473663,0.070692151784896851,0.078970551490783691,-0.093940086662769318,0.032110899686813354,-0.00026272391551174223,0.0056532104499638081,0.0048815873451530933,-0.050695657730102539,0.015745298936963081,0.0046299826353788376,0.022363120689988136,0.022583490237593651,0.027851613238453865,0.03050096333026886,-0.010538079775869846,0.021089987829327583,0.023687498643994331,0.0089633772149682045,-0.017850695177912712,0.052596375346183777,1,0.43376442790031433,0.095735646784305573,0.094644926488399506,0.18819296360015869,0.18766206502914429,0.17325478792190552,0.2368394136428833,0.33854925632476807,0.15101735293865204,0.10033921152353287,0.59260052442550659,0.015659457072615623,0.32926866412162781,0.062471359968185425,0.0014481729594990611,0.16073508560657501,0.054543387144804001,0.057994138449430466,0.062598578631877899,0.094913356006145477,0.02357562817633152,0.043454796075820923,0.46552383899688721,0.035213049501180649,0.69726532697677612,0.094068370759487152,0.14180198311805725,0.066864289343357086,0.0014131026109680533,0.0069195306859910488,0.021508790552616119,0.024093588814139366,0.015553775243461132,0.14920000731945038,0.023039480671286583,0.019394384697079659,0.70854681730270386,0.03033050149679184,0.71896260976791382,0.28103742003440857,0.033757362514734268,0.11058610677719116,0.8059125542640686,0.049743961542844772,0.0025784196332097054,0.012465234845876694,0.96660518646240234,0.01835118792951107,0.80254077911376953,0.16325783729553223,0.034201424568891525,0.28288397192955017,0.0061791646294295788,0.71093684434890747,0.25757166743278503,0.74242830276489258,0.83148521184921265,0.16851478815078735,0.70031124353408813,0.29968872666358948,0.04444614052772522,0.95555382966995239,0.75493139028549194,0.24506860971450806,0.80956411361694336,0.19043587148189545,0.73926240205764771,0.26073756814002991,0.98335283994674683,0.01664719358086586
133,TH-17640032682070,TH-16876,TH,2860081,0,80,3,3.8450281366038674,3.7909846770510898,9.011110840339569,5.4318544216640081,1.791759469228055,1.3862943611198906,1,0,0,0,13.750779999999999,100.60883,1,0,0,1.9015403338180123e-05,0,,0,769.13772562000827,0,2,10,2,3,0.29999999999999999,3.2511527622793892,1,0,0.5,1,0,1,0,1.5,0,0.07476351410150528,0.1935991644859314,0.1434907466173172,0.23407626152038574,-0.10275344550609589,-0.11362322419881821,0.041009120643138885,-0.080641411244869232,-0.056192979216575623,-0.05413905531167984,0.048332769423723221,0.016398511826992035,0.07796671986579895,0.11085674166679382,-0.13574528694152832,0.016833584755659103,0.030178612098097801,-0.097444355487823486,-0.0097495373338460922,0.023286294192075729,0.0045208819210529327,-0.039559155702590942,0.062488846480846405,-0.019503850489854813,0.025628944858908653,0.088219016790390015,-0.049243535846471786,-0.005818195641040802,-0.01527119055390358,0.050954647362232208,-0.077947273850440979,0.031776122748851776,1,0.49009883403778076,0.088389605283737183,0.092876419425010681,0.17407962679862976,0.15455549955368042,0.070149295032024384,0.15126806497573853,0.44602459669113159,0.18265789747238159,0.14990012347698212,0.16257555782794952,0.29756754636764526,0.49002134799957275,0.049835555255413055,0.05184430256485939,0.17769631743431091,0.066601656377315521,0.0031158430501818657,0.081146195530891418,0.044960562139749527,0.051228217780590057,0.13741356134414673,0.35686436295509338,0.029128983616828918,0.27392962574958801,0.60410696268081665,0.049276616424322128,0.072686798870563507,0.010475412011146545,0.011210803873836994,0.075469866394996643,0.018517855554819107,0.044351279735565186,0.11071956157684326,0.093305237591266632,0.013425819575786591,0.44777384400367737,0.17475031316280365,0.74540954828262329,0.25459045171737671,0.0097968429327011108,0.40619006752967834,0.49511903524398804,0.088894091546535492,0.0084120128303766251,0.1166464239358902,0.75171846151351929,0.12322311103343964,0.97267508506774902,0.026074377819895744,0.0012505092890933156,0.053169377148151398,0.00044055312173441052,0.94639003276824951,0.17894881963729858,0.82105118036270142,0.8565250039100647,0.14347496628761292,0.72656786441802979,0.27343213558197021,0.062460049986839294,0.93753993511199951,0.72196418046951294,0.27803581953048706,0.57966965436935425,0.42033034563064575,0.67417705059051514,0.32582297921180725,0.9806373119354248,0.019362723454833031
134,TH-17640031947005,TH-16881,TH,941240,1,80,3,3.6430972614588084,4.7933081281034857,9.2155817465251282,5.6636102041213032,2.5649493574615367,1.9459101490553132,1.0000244313651381,0.00037812443716083577,0,0,13.761609999999999,100.63517666666667,1,0,0,1.9015403338180123e-05,0,,0,777.57633030152874,1,2,4,0,3,0.75,3.1835877367057361,1,0,1,0.5,0,1,0,3,0,0.16542021930217743,0.057551518082618713,0.25059723854064941,0.079857900738716125,-0.019623570144176483,-0.031677853316068649,0.12514403462409973,-0.020579293370246887,0.04647459089756012,-0.059791535139083862,-0.0086405351758003235,0.038569122552871704,0.052016042172908783,0.12240707874298096,-0.085413932800292969,0.0027299262583255768,0.083746857941150665,-0.013222990557551384,0.019302748143672943,-0.0030635520815849304,0.0077358931303024292,-0.0066532120108604431,0.024499097838997841,-0.0073305144906044006,-0.026775997132062912,0.11500652134418488,-0.031736642122268677,-0.011540398001670837,-0.019238764420151711,-0.013937163166701794,-0.023330748081207275,0.054493848234415054,1,0.45649811625480652,0.095964722335338593,0.24190521240234375,0.10048950463533401,0.10514242947101593,0.012224567122757435,0.073134042322635651,0.6548163890838623,0.11340648680925369,0.14641851186752319,0.69820559024810791,0.0518665611743927,0.10659611225128174,0.14333176612854004,8.9532710262574255e-05,0.47110897302627563,0.0037148385308682919,0.00052936549764126539,0.0051530152559280396,0.0016686285380274057,0.0044438084587454796,0.021121252328157425,0.48374223709106445,0.008428351953625679,0.92082184553146362,0.025772163644433022,0.011921139433979988,0.041484862565994263,2.5582476155250333e-05,0.00075755000580102205,0.002157747745513916,4.8334382881876081e-05,0.0011569064809009433,0.0021535139530897141,0.00069761625491082668,0.0022001056931912899,0.98851311206817627,0.0022895541042089462,0.48742616176605225,0.51257383823394775,0.15052215754985809,0.017888719215989113,0.76716732978820801,0.064421817660331726,0.016283033415675163,0.013269070535898209,0.95433902740478516,0.016108870506286621,0.9573901891708374,0.032540339976549149,0.010069455020129681,0.20826348662376404,0.025214724242687225,0.76652181148529053,0.42035245895385742,0.57964754104614258,0.72123795747756958,0.27876204252243042,0.66638588905334473,0.33361408114433289,0.042182654142379761,0.95781731605529785,0.79110270738601685,0.20889729261398315,0.98893833160400391,0.011061649769544601,0.73796176910400391,0.26203823089599609,0.99810844659805298,0.0018915547989308834
135,TH-17640031621809,TH-16883,TH,2940232,0,80,3,3.9912038033025872,2.2082744135228043,9.2368260419030968,5.6294079011039946,0.69314718055994529,0,1.0004197099318008,0.0013918675580872892,0,0,13.761779999999998,100.63690500000001,1,0,0,1.9015403338180123e-05,0,,0,672.86356281581743,3,2,5,1,2,0.40000000000000002,3.1999210930942281,1,0,1,1,0,1,0,3,0,-0.026306081563234329,0.19136019051074982,0.21350285410881042,0.24283036589622498,-0.08749939501285553,-0.067795492708683014,0.087574414908885956,0.15977071225643158,-0.007487080991268158,-0.16645312309265137,-0.080024518072605133,0.062661156058311462,0.044974453747272491,0.030762825161218643,-0.11931318044662476,-0.047184109687805176,0.02809414453804493,-0.066188633441925049,-0.045133411884307861,0.038327775895595551,0.024879172444343567,0.016532870009541512,0.088704749941825867,-0.027516685426235199,0.051456369459629059,0.099977277219295502,0.042202964425086975,0.024898067116737366,-0.018456252291798592,0.001535661518573761,-0.02242133766412735,0.052951455116271973,1,0.41307485103607178,0.27010223269462585,0.026547545567154884,0.11928247660398483,0.1709928959608078,0.089133746922016144,0.38475558161735535,0.039042804390192032,0.23229008913040161,0.25477778911590576,0.06425940990447998,0.32055246829986572,0.60188484191894531,0.013303267769515514,0.00059489335399121046,0.13339020311832428,0.030750347301363945,0.00048188859364017844,0.014368554577231407,0.0023275387939065695,0.021580414846539497,0.084707595407962799,0.6423911452293396,0.069407440721988678,0.15231910347938538,0.73239737749099731,0.049320831894874573,0.065962716937065125,0.00032236854895018041,0.00053728674538433552,0.0036173602566123009,0.00043141900096088648,0.0020186693873256445,0.00066751876147463918,0.00070293055614456534,0.0024551958777010441,0.96997356414794922,0.019273705780506134,0.60635161399841309,0.39364838600158691,0.00032399880001321435,0.027074983343482018,0.94185680150985718,0.030744243413209915,0.03565550222992897,0.063913308084011078,0.59826666116714478,0.30216452479362488,0.98585206270217896,0.013451610691845417,0.00069631339283660054,0.13554303348064423,0.00027257757028564811,0.86418437957763672,0.34509226679801941,0.65490776300430298,0.83540803194046021,0.16459198296070099,0.84223312139511108,0.1577669084072113,0.06560971587896347,0.93439030647277832,0.62192702293395996,0.37807300686836243,0.99097913503646851,0.0090208658948540688,0.41676321625709534,0.58323681354522705,0.99904936552047729,0.00095065782079473138
136,TH-17640036338636,TH-16884,TH,1456334,0,80,3,4.4170317438725721,3.8565102954978872,9.2738713302312998,5.5640460159406189,1.6094379124341003,1.3862943611198906,1.0002095937084585,0.00068143922159011534,0,0,13.762086666666667,100.64013,1,0,0,1.9015403338180123e-05,0,,0,499.90763147672953,4,2,5,1,2,0.40000000000000002,3.1591526499249927,1.5,0,1,1,0,1,0,3,0,0.22331784665584564,0.16350445151329041,0.10596727579832077,-0.089798569679260254,0.073010288178920746,0.0081809535622596741,0.19475068151950836,-0.03927290067076683,0.030497655272483826,-0.10255194455385208,-0.014151358976960182,-0.017910614609718323,0.018723286688327789,0.066407829523086548,-0.076169446110725403,0.049814268946647644,0.047771409153938293,0.020821090787649155,0.02690386027097702,-0.036953829228878021,0.055399179458618164,-0.028039306402206421,0.11986316740512848,0.053742341697216034,-0.056989148259162903,-0.021771430969238281,0.024647096171975136,-0.004303663969039917,0.03391285240650177,0.060865558683872223,0.02101539820432663,0.060447603464126587,1,0.9234662652015686,0.035946857184171677,0.0035057705827057362,0.02190840058028698,0.015172713436186314,0.10151232033967972,0.057304628193378448,0.4231378436088562,0.23038956522941589,0.18765565752983093,0.11692636460065842,0.44124656915664673,0.1063457727432251,0.33548131585121155,0.0014032881008461118,0.15244299173355103,0.025125015527009964,0.00075513735646381974,0.018552530556917191,0.018848501145839691,0.069141499698162079,0.55267328023910522,0.076416373252868652,0.084641359746456146,0.79782569408416748,0.091240756213665009,0.036322958767414093,0.074610613286495209,0.00074936030432581902,0.042114600539207458,0.017411239445209503,0.0027414541691541672,0.014143836684525013,0.00088527286425232887,0.06623975932598114,0.029996942728757858,0.78665202856063843,0.039065510034561157,0.58740520477294922,0.41259482502937317,0.25818726420402527,0.031877290457487106,0.27439889311790466,0.43553656339645386,0.059143293648958206,0.026537712663412094,0.8441922664642334,0.070126719772815704,0.91268026828765869,0.079020649194717407,0.0082990610972046852,0.047192186117172241,5.9842819609912112e-05,0.95274794101715088,0.41399732232093811,0.5860026478767395,0.86060905456542969,0.13939093053340912,0.7180863618850708,0.28191360831260681,0.020096424967050552,0.97990357875823975,0.7940102219581604,0.20598980784416199,0.77082008123397827,0.22917988896369934,0.58278489112854004,0.41721507906913757,0.99926990270614624,0.00073009426705539227
137,TH-17640032086818,TH-16885,TH,1272595,0,80,3,3.1354942159291497,3.970291913552122,9.1434030134029509,5.5916837367958898,1.3862943611198906,1.791759469228055,1.0000000000000224,1.9542321670519361e-08,0,91.99003152945815,13.762320000000001,100.64142,1,0,0,1.9015403338180123e-05,0,,0,461.72496189723756,4,2,4,1,2,0.5,3.097215726476537,1,0,1,1,0,1,0,3,0,0.18000750243663788,0.056880861520767212,0.18379542231559753,0.26827999949455261,-0.25109383463859558,-0.13137705624103546,0.13786247372627258,0.0038255508989095688,-0.061380565166473389,-0.026002706959843636,-0.097342267632484436,-0.03105541318655014,-0.061807841062545776,0.070103541016578674,-0.1424599289894104,0.053076878190040588,0.0021681529469788074,-0.08706992119550705,0.013043696060776711,0.10099368542432785,-0.049330301582813263,-0.028052136301994324,0.012902919203042984,-0.038131795823574066,0.019194096326828003,0.063968904316425323,0.0042455699294805527,0.041499003767967224,-0.055235341191291809,-0.049039524048566818,-0.066478520631790161,0.11249275505542755,1,0.6895451545715332,0.025488171726465225,0.038024220615625381,0.096568375825881958,0.15037405490875244,0.61065495014190674,0.046226922422647476,0.0082380836829543114,0.23900772631168365,0.09587232768535614,0.030623359605669975,0.43838232755661011,0.032995264977216721,0.49799904227256775,9.3536524218507111e-05,0.01684323325753212,0.041158288717269897,0.0068564238026738167,0.012389285489916801,0.0056926030665636063,0.032002754509449005,0.031966574490070343,0.61918675899505615,0.23381051421165466,0.19238640367984772,0.62523084878921509,0.1153610572218895,0.067021682858467102,0.00087251828517764807,0.0036136112175881863,0.011609137989580631,0.002020983723923564,0.011242585256695747,0.0013928308617323637,0.0050931614823639393,0.0047229398041963577,0.9325486421585083,0.026883566752076149,0.83845710754394531,0.16154287755489349,0.0098835090175271034,0.048304885625839233,0.85894316434860229,0.082868456840515137,0.034758158028125763,0.9146651029586792,0.016806039959192276,0.033770695328712463,0.99611121416091919,0.0038556025829166174,3.3199037716258317e-05,0.1945028156042099,5.9460180636961013e-05,0.80543774366378784,0.026887651532888412,0.97311234474182129,0.63028901815414429,0.36971095204353333,0.71945661306381226,0.28054338693618774,0.047066137194633484,0.95293384790420532,0.75430476665496826,0.24569521844387054,0.55027532577514648,0.44972464442253113,0.66626322269439697,0.33373677730560303,0.99857598543167114,0.0014239969896152616
138,TH-17640031509789,TH-16887,TH,1014295,0,80,3,3.9460378840154235,3.529297384289471,9.3646069846320081,5.7301868686157862,0.69314718055994529,0.69314718055994529,1,0,0,19.558992783250236,13.762354999999999,100.643325,1,0,0,1.9015403338180123e-05,0,,0,474.3676274347755,5,3,5,4,3,0.59999999999999998,,,,,,,,,,,,,,,,,,,,,,,,,,,,,,,,,,,,,,,,,,,0,,,,,,,,,,,,,,,,,,,,,,,,,,,,,,,,,,,,,,,,,,,,,,,,,,,,,,,,,,,,,,,,,,,,,,
139,TH-17640031944259,TH-16951,TH,876376,0,80,5,4.0807526087026336,2.0014800002101238,8.0696184262237729,4.469902037141317,0.69314718055994529,0,1.0014959151703493,0.0065822726669750812,0,0,13.724872000000001,100.51902199999999,1,0,0,1.9015403338180123e-05,0,,0,1065.8777474946392,1,3,5,0,3,0.59999999999999998,,,,,,,,,,,,,,,,,,,,,,,,,,,,,,,,,,,,,,,,,,,0,,,,,,,,,,,,,,,,,,,,,,,,,,,,,,,,,,,,,,,,,,,,,,,,,,,,,,,,,,,,,,,,,,,,,,
140,TH--17640059353170,TH-19312,TH,274829,0,80,2,3.8499348131147242,0.87546873735389985,7.4204093417332659,3.8852194658162627,0,0,1.0003284798193905,0.0013829998219556088,0,0,9.109963333333333,99.231046666666657,1,0,0,1.9015403338180123e-05,0,,0,498.48318993443701,5,2,8,3,2,0.25,,,,,,,,,,,,,,,,,,,,,,,,,,,,,,,,,,,,,,,,,,,0,,,,,,,,,,,,,,,,,,,,,,,,,,,,,,,,,,,,,,,,,,,,,,,,,,,,,,,,,,,,,,,,,,,,,,
141,TH--17640064788076,TH-19327,TH,401652,0,80,2,4.4855980508472468,0.87546873735389985,6.170240924572659,2.6071656703215536,0,0,1.0000013744441967,4.9190716347777031e-05,0,11.496905683725171,9.1108166666666666,99.240120000000005,1,0,0,1.9015403338180123e-05,0,,0,882.59267722623304,1,2,7,3,2,0.2857142857142857,,,,,,,,,,,,,,,,,,,,,,,,,,,,,,,,,,,,,,,,,,,0,,,,,,,,,,,,,,,,,,,,,,,,,,,,,,,,,,,,,,,,,,,,,,,,,,,,,,,,,,,,,,,,,,,,,,
142,TH-17640064790674,TH-19418,TH,502266,0,80,2,3.7588718259339711,2.0541237336955462,7.0109438254045999,3.4585053380644482,0,0,1,0,0,0,9.1072050000000004,99.297600000000003,1,0,0,1.9015403338180123e-05,0,,0,1778.6810035111112,1,1,7,1,1,0.14285714285714285,2.8729197467801928,1,0,1,1,0,1,0,3,0,0.15308915078639984,-0.070786505937576294,0.10426104813814163,0.21062220633029938,-0.076546721160411835,-0.054478913545608521,-0.0013722976436838508,0.054401654750108719,-0.050331264734268188,-0.039434995502233505,0.011717225424945354,-0.018418548628687859,0.073897577822208405,0.011025336571037769,-0.054771721363067627,0.05738632008433342,0.040423709899187088,0.018517514690756798,-0.029306970536708832,-0.027520366013050079,0.039237439632415771,-0.026171386241912842,-0.051761060953140259,0.021292371675372124,-0.016267428174614906,-0.044758003205060959,0.03843776136636734,0.038753386586904526,-0.027275478467345238,0.021521814167499542,0.053512107580900192,0.033484708517789841,1,0.10823341459035873,0.20588411390781403,0.19419948756694794,0.18556612730026245,0.30611684918403625,0.33298847079277039,0.39413225650787354,0.14459283649921417,0.03572043776512146,0.092565983533859253,0.60770130157470703,0.050414536148309708,0.25343003869056702,0.088454104959964752,0.01472823042422533,0.0013668016763404012,0.0099415024742484093,0.0050756731070578098,0.019534962251782417,0.012649412266910076,0.12676024436950684,0.077978335320949554,0.72147411108016968,0.010490757413208485,0.84617280960083008,0.061149582266807556,0.075530968606472015,0.01714663952589035,0.0019968363922089338,0.00015522581816185266,0.0018630480626598001,0.00067125307396054268,0.0011595096439123154,0.0010122027015313506,0.0016555003821849823,0.0047248839400708675,0.98639535903930664,0.00036618928425014019,0.85669976472854614,0.14330019056797028,0.016026409342885017,0.021441841498017311,0.90797251462936401,0.05455930158495903,0.0048389569856226444,0.00054807489505037665,0.97977083921432495,0.014842121861875057,0.87300968170166016,0.11238016933202744,0.014610114507377148,0.58830040693283081,0.0010498076444491744,0.41064980626106262,0.23980899155139923,0.76019102334976196,0.18740801513195038,0.8125920295715332,0.42217859625816345,0.57782143354415894,0.31141611933708191,0.6885838508605957,0.75162261724472046,0.24837742745876312,0.90515923500061035,0.094840735197067261,0.76620656251907349,0.23379337787628174,0.95231223106384277,0.047687727957963943
143,TH-17640061038056,,TH,564321,0,80,1,4.607866547535834,,4.9715905590911822,1.5418514851103617,,,1.0000251899908752,0.00021933484817479715,0,20.099511934317675,9.1352174999999995,99.249832499999997,1,0,0,1.9015403338180123e-05,0,,0,2228.4899428953336,1,2,8,1,2,0.25,,,,,,,,,,,,,,,,,,,,,,,,,,,,,,,,,,,,,,,,,,,0,,,,,,,,,,,,,,,,,,,,,,,,,,,,,,,,,,,,,,,,,,,,,,,,,,,,,,,,,,,,,,,,,,,,,,
144,TH-17640064145793,TH-39046,TH,12248,0,80,5,4.9054229156137241,1.9740810260220094,3.9577068085351637,0.83998734733144209,1.0986122886681096,0,1.0002667456556023,0.0012573809864992176,0,14.941780469745755,9.1718580000000003,99.232724000000005,1,1,0,7.6189661112623168e-05,0,0.5,2,2612.6668620409719,1,0,0,0,0,,,,,,,,,,,,,,,,,,,,,,,,,,,,,,,,,,,,,,,,,,,,0,,,,,,,,,,,,,,,,,,,,,,,,,,,,,,,,,,,,,,,,,,,,,,,,,,,,,,,,,,,,,,,,,,,,,,
145,TH-17640029800835,TH-50949,TH,88142,0,90,3,5.0682121389002752,1.6094379124341003,3.3614897721719115,0.67280569123767431,0,0,1,0,0,12.635297667257561,13.80593,101.317125,1,1,0,7.6189661112623168e-05,0,0.5,2,2900.6006443691285,1,2,5,1,2,0.40000000000000002,,,,,,,,,,,,,,,,,,,,,,,,,,,,,,,,,,,,,,,,,,,0,,,,,,,,,,,,,,,,,,,,,,,,,,,,,,,,,,,,,,,,,,,,,,,,,,,,,,,,,,,,,,,,,,,,,,
146,TH-17640064796664,TH-51261,TH,162502,0,90,4,4.7310977425858818,3.6454498961866002,4.6464583129253576,1.2405473921384993,0.69314718055994529,0,1.0006599582015931,0.00065664329893696041,0,17.729638181857894,13.679676666666666,101.42424999999999,1,1,0,7.6189661112623168e-05,0,0.5,2,3470.8586407228149,1,2,6,2,2,0.33333333333333331,,,,,,,,,,,,,,,,,,,,,,,,,,,,,,,,,,,,,,,,,,,0,,,,,,,,,,,,,,,,,,,,,,,,,,,,,,,,,,,,,,,,,,,,,,,,,,,,,,,,,,,,,,,,,,,,,,
147,TH-17640020026919,TH-15256,TH,138330,1,60,4,4.7685637328965269,2.1041341542702074,6.2426144078617396,2.5816607478978533,0,0,1.0000222616679697,0.00011626629832124873,0,25.92196929194111,13.750946666666666,101.36468666666667,1,1,0,7.6189661112623168e-05,0,0.5,2,884.86540420508504,2,3,4,1,3,0.75,2.9367731605270624,0.83333333333333337,0,0,1,0,1,0.33333333333333331,2,0.33333333333333331,0.26925006508827209,0.1676446944475174,-0.014239023439586163,-0.028900479897856712,0.060959089547395706,-0.0036755104083567858,0.17015857994556427,-0.0054435334168374538,0.025589996948838234,-0.07363370805978775,-0.049296140670776367,-0.014157538302242756,-0.019047847017645836,-0.062579497694969177,-0.0052210814319550991,-0.014738981612026691,0.036464851349592209,0.03626711294054985,-0.035417377948760986,-0.059791881591081619,0.011088701896369457,-0.074702799320220947,0.03520100936293602,-0.023441972211003304,0.0020679284352809191,-0.020357271656394005,-0.025452993810176849,0.008725498802959919,-0.016524292528629303,0.014673776924610138,0.0004301220178604126,0.0177894476801157,1,0.70644950866699219,0.23035462200641632,0.0055539985187351704,0.024639761075377464,0.033002093434333801,0.75142019987106323,0.11477594822645187,0.018256930634379387,0.056966308504343033,0.058580595999956131,0.24931995570659637,0.15743675827980042,0.076061278581619263,0.51718205213546753,0.0010703851003199816,0.010706854052841663,0.016393175348639488,0.00078624207526445389,0.016078457236289978,0.007352129090577364,0.54044073820114136,0.029716046527028084,0.35097560286521912,0.026480389758944511,0.31561547517776489,0.19459061324596405,0.033605009317398071,0.45618888735771179,0.0011213014367967844,0.015749240294098854,0.0094269514083862305,0.00063575844978913665,0.0094874491915106773,0.001138305407948792,0.20619034767150879,0.0084739690646529198,0.57090109586715698,0.17687557637691498,0.61488479375839233,0.38511523604393005,0.082740306854248047,0.26746061444282532,0.45433974266052246,0.19545936584472656,0.01832466758787632,0.29107284545898438,0.63968318700790405,0.050919294357299805,0.61512058973312378,0.25217914581298828,0.13270029425621033,0.18255220353603363,0.014714271761476994,0.80273348093032837,0.46244463324546814,0.53755539655685425,0.22750510275363922,0.7724948525428772,0.75694465637207031,0.24305534362792969,0.24647994339466095,0.75352001190185547,0.64377099275588989,0.35622897744178772,0.46301278471946716,0.53698724508285522,0.60234361886978149,0.39765632152557373,0.83695381879806519,0.1630462259054184
148,TH-17640018854217,,TH,1318482,0,90,1,4.7834000498787894,,1.7909184493007335,0.44147240177380004,,,1,0,0,0,13.71232,101.30288,1,0,0,1.9015403338180123e-05,0,,0,4563.0866569788122,1,2,6,4,2,0.33333333333333331,,,,,,,,,,,,,,,,,,,,,,,,,,,,,,,,,,,,,,,,,,,0,,,,,,,,,,,,,,,,,,,,,,,,,,,,,,,,,,,,,,,,,,,,,,,,,,,,,,,,,,,,,,,,,,,,,,
149,TH-17640017506133,,TH,1326599,0,90,1,4.7237529018150388,,2.2005808179779094,0.54813490879229643,,,1.0000745615617079,0.00024010311021002221,0,0,13.713353333333336,101.30489999999999,1,0,0,1.9015403338180123e-05,0,,0,4485.6675668745156,1,2,6,3,2,0.33333333333333331,,,,,,,,,,,,,,,,,,,,,,,,,,,,,,,,,,,,,,,,,,,0,,,,,,,,,,,,,,,,,,,,,,,,,,,,,,,,,,,,,,,,,,,,,,,,,,,,,,,,,,,,,,,,,,,,,,
150,TH-17640020368628,TH-15256,TH,1099757,1,60,1,6.0969950483174458,2.1041341542702074,6.6226703952349162,2.5159236695244043,0,0,1.0000000000090541,2.2773549921662103e-08,0,4.5049740874712327,13.751726666666665,101.36556,1,0,0,1.9015403338180123e-05,0,,0,929.25171546841977,4,2,4,0,2,0.5,2.9367731605270624,0.83333333333333337,0,0,1,0,1,0.33333333333333331,2,0.33333333333333331,0.26925006508827209,0.1676446944475174,-0.014239023439586163,-0.028900479897856712,0.060959089547395706,-0.0036755104083567858,0.17015857994556427,-0.0054435334168374538,0.025589996948838234,-0.07363370805978775,-0.049296140670776367,-0.014157538302242756,-0.019047847017645836,-0.062579497694969177,-0.0052210814319550991,-0.014738981612026691,0.036464851349592209,0.03626711294054985,-0.035417377948760986,-0.059791881591081619,0.011088701896369457,-0.074702799320220947,0.03520100936293602,-0.023441972211003304,0.0020679284352809191,-0.020357271656394005,-0.025452993810176849,0.008725498802959919,-0.016524292528629303,0.014673776924610138,0.0004301220178604126,0.0177894476801157,1,0.70644950866699219,0.23035462200641632,0.0055539985187351704,0.024639761075377464,0.033002093434333801,0.75142019987106323,0.11477594822645187,0.018256930634379387,0.056966308504343033,0.058580595999956131,0.24931995570659637,0.15743675827980042,0.076061278581619263,0.51718205213546753,0.0010703851003199816,0.010706854052841663,0.016393175348639488,0.00078624207526445389,0.016078457236289978,0.007352129090577364,0.54044073820114136,0.029716046527028084,0.35097560286521912,0.026480389758944511,0.31561547517776489,0.19459061324596405,0.033605009317398071,0.45618888735771179,0.0011213014367967844,0.015749240294098854,0.0094269514083862305,0.00063575844978913665,0.0094874491915106773,0.001138305407948792,0.20619034767150879,0.0084739690646529198,0.57090109586715698,0.17687557637691498,0.61488479375839233,0.38511523604393005,0.082740306854248047,0.26746061444282532,0.45433974266052246,0.19545936584472656,0.01832466758787632,0.29107284545898438,0.63968318700790405,0.050919294357299805,0.61512058973312378,0.25217914581298828,0.13270029425621033,0.18255220353603363,0.014714271761476994,0.80273348093032837,0.46244463324546814,0.53755539655685425,0.22750510275363922,0.7724948525428772,0.75694465637207031,0.24305534362792969,0.24647994339466095,0.75352001190185547,0.64377099275588989,0.35622897744178772,0.46301278471946716,0.53698724508285522,0.60234361886978149,0.39765632152557373,0.83695381879806519,0.1630462259054184
151,TH-17640031865944,TH-36867,TH,836931,0,80,3,4.2740237421222265,3.3911470458086539,7.738684956460073,4.0666529040168342,1.3862943611198906,0,1.0007927205711398,0.0050851683315626837,0,0,13.736646666666665,100.51343166666668,1,0,0,1.9015403338180123e-05,0,,0,1287.7162953617262,0,1,5,3,3,0.59999999999999998,3.0454846109572493,1,0,1,1,0,1,0,3,0,0.19610904157161713,0.15949849784374237,0.046945109963417053,-0.10413387417793274,-0.12593413889408112,-0.1025906428694725,0.051960870623588562,-0.05820862203836441,0.017725743353366852,-0.057469010353088379,0.021351279690861702,0.14324606955051422,0.18575760722160339,0.12336660176515579,-0.14983102679252625,0.061889678239822388,0.10553232580423355,-0.049443565309047699,0.020020341500639915,0.023584721609950066,0.045916855335235596,0.042742490768432617,0.078173860907554626,0.027283258736133575,-0.022996939718723297,0.062327474355697632,-0.024824611842632294,-0.027339115738868713,-0.0032135811634361744,0.048577435314655304,-0.036481987684965134,-0.051694378256797791,1,0.13190022110939026,0.058777622878551483,0.31639617681503296,0.22332790493965149,0.26959806680679321,0.064921125769615173,0.23811624944210052,0.39658829569816589,0.17813025414943695,0.12224407494068146,0.47326520085334778,0.3046640157699585,0.16339033842086792,0.058680426329374313,0.00022048597747925669,0.0011351563734933734,0.0017183911986649036,0.00013977031630929559,0.000729347113519907,0.00085070607019588351,0.00077813968528062105,0.015201080590486526,0.97712886333465576,0.0020980748813599348,0.96405708789825439,0.018925758078694344,0.010054527781903744,0.0069626099430024624,0.00020048131409566849,0.00014506308070849627,0.0022949934937059879,3.9628808735869825e-05,0.00090224336599931121,0.00019289815099909902,0.0067473049275577068,0.0015088587533682585,0.98537719249725342,0.0025913557037711143,0.71335268020629883,0.28664728999137878,0.055446341633796692,0.077943198382854462,0.82570600509643555,0.040904458612203598,0.0062417443841695786,0.00066957937087863684,0.98711246252059937,0.0059761847369372845,0.93684560060501099,0.056411508470773697,0.0067428853362798691,0.83806192874908447,0.016135934740304947,0.14580212533473969,0.78785258531570435,0.21214742958545685,0.74523967504501343,0.25476035475730896,0.88925182819366455,0.11074820160865784,0.19274745881557465,0.80725252628326416,0.75954121351242065,0.24045878648757935,0.90976095199584961,0.090239070355892181,0.61543619632720947,0.38456383347511292,0.99999690055847168,3.0835371944704093e-06
152,TH--17640017311540,TH-15238,TH,335130,0,90,2,6.2631315603630791,3.572345637857985,5.1799076145996361,1.2394461058727988,0.69314718055994529,0.69314718055994529,1.0000320993759797,8.6775121306073376e-05,0,3.812333878839588,13.791960000000001,101.40050000000001,1,1,0,7.6189661112623168e-05,0,0.5,2,3386.9884718909652,1,2,10,3,2,0.20000000000000001,2.5534159267774736,1.71875,0,0.625,1,0,0.9375,0,0,1,-0.088594995439052582,0.02544824406504631,0.1047523021697998,-0.083254098892211914,0.15111780166625977,-0.10955464094877243,-0.010370508767664433,0.084366366267204285,-0.046224121004343033,0.0039935358799993992,0.039738837629556656,-0.076136402785778046,0.033500682562589645,0.0014974564546719193,-0.11477865278720856,0.040923986583948135,0.022770615294575691,0.0082497932016849518,-0.046149782836437225,-0.034119963645935059,-0.099939405918121338,0.040840506553649902,-0.046870507299900055,0.033929996192455292,-0.065801061689853668,-0.022076200693845749,-0.0071715838275849819,-0.026273263618350029,0.012902645394206047,-0.015172475017607212,0.0039911335334181786,-0.033928271383047104,1,0.86282229423522949,0.073036409914493561,0.009442504495382309,0.023581912741065025,0.03111691027879715,0.034730318933725357,0.83246135711669922,0.062836848199367523,0.018641464412212372,0.05132998526096344,0.23788842558860779,0.37639608979225159,0.37023055553436279,0.01548493467271328,0.00022797693964093924,7.4244658208044712e-06,0.0067156655713915825,0.0059773907996714115,0.0083425808697938919,0.00036538558197207749,0.39188340306282043,0.24464346468448639,0.3393000066280365,0.0025366879999637604,0.4306102991104126,0.22410199046134949,0.11098522692918777,0.23430247604846954,2.1163263227208517e-05,3.8485868572024629e-05,0.004755538422614336,0.0086295315995812416,0.0046436279080808163,0.0008542168652638793,0.003094816580414772,0.012022898532450199,0.88585042953491211,0.080089323222637177,0.79362571239471436,0.20637431740760803,0.0016795416595414281,0.039573781192302704,0.9331505298614502,0.025596130639314651,0.011387210339307785,0.02070227637887001,0.91253489255905151,0.055375628173351288,0.50755482912063599,0.11903088539838791,0.37341424822807312,0.16482560336589813,0.0028559037018567324,0.83231848478317261,0.22008985280990601,0.77991014719009399,0.20413976907730103,0.79586023092269897,0.64828401803970337,0.35171598196029663,0.04374675452709198,0.95625323057174683,0.79165315628051758,0.20834687352180481,0.82632249593734741,0.17367748916149139,0.78955608606338501,0.21044392883777618,0.96416544914245605,0.035834517329931259
153,TH--17640064887606,TH-15238,TH,323365,0,90,2,6.595056207999221,3.572345637857985,5.5037099708567156,1.3820212757056056,0.69314718055994529,0.69314718055994529,1,0,0,2.7359883376375418,13.81082,101.41321500000001,1,1,0,7.6189661112623168e-05,0,0.5,2,4729.3867863593523,1,0,0,0,0,,2.5534159267774736,1.71875,0,0.625,1,0,0.9375,0,0,1,-0.088594995439052582,0.02544824406504631,0.1047523021697998,-0.083254098892211914,0.15111780166625977,-0.10955464094877243,-0.010370508767664433,0.084366366267204285,-0.046224121004343033,0.0039935358799993992,0.039738837629556656,-0.076136402785778046,0.033500682562589645,0.0014974564546719193,-0.11477865278720856,0.040923986583948135,0.022770615294575691,0.0082497932016849518,-0.046149782836437225,-0.034119963645935059,-0.099939405918121338,0.040840506553649902,-0.046870507299900055,0.033929996192455292,-0.065801061689853668,-0.022076200693845749,-0.0071715838275849819,-0.026273263618350029,0.012902645394206047,-0.015172475017607212,0.0039911335334181786,-0.033928271383047104,1,0.86282229423522949,0.073036409914493561,0.009442504495382309,0.023581912741065025,0.03111691027879715,0.034730318933725357,0.83246135711669922,0.062836848199367523,0.018641464412212372,0.05132998526096344,0.23788842558860779,0.37639608979225159,0.37023055553436279,0.01548493467271328,0.00022797693964093924,7.4244658208044712e-06,0.0067156655713915825,0.0059773907996714115,0.0083425808697938919,0.00036538558197207749,0.39188340306282043,0.24464346468448639,0.3393000066280365,0.0025366879999637604,0.4306102991104126,0.22410199046134949,0.11098522692918777,0.23430247604846954,2.1163263227208517e-05,3.8485868572024629e-05,0.004755538422614336,0.0086295315995812416,0.0046436279080808163,0.0008542168652638793,0.003094816580414772,0.012022898532450199,0.88585042953491211,0.080089323222637177,0.79362571239471436,0.20637431740760803,0.0016795416595414281,0.039573781192302704,0.9331505298614502,0.025596130639314651,0.011387210339307785,0.02070227637887001,0.91253489255905151,0.055375628173351288,0.50755482912063599,0.11903088539838791,0.37341424822807312,0.16482560336589813,0.0028559037018567324,0.83231848478317261,0.22008985280990601,0.77991014719009399,0.20413976907730103,0.79586023092269897,0.64828401803970337,0.35171598196029663,0.04374675452709198,0.95625323057174683,0.79165315628051758,0.20834687352180481,0.82632249593734741,0.17367748916149139,0.78955608606338501,0.21044392883777618,0.96416544914245605,0.035834517329931259
154,TH--17640019989849,TH-50604,TH,61671,0,90,3,6.5349945061720414,2.451005098112319,3.9143962585465166,1.013142626205332,0.69314718055994529,0,1.0112313230620438,0.00051767652435780968,0,2.9039862309083406,13.847266666666664,101.31868166666668,1,1,0,7.6189661112623168e-05,0,0.5,2,2602.1134514506512,1,2,6,3,2,0.33333333333333331,,,,,,,,,,,,,,,,,,,,,,,,,,,,,,,,,,,,,,,,,,,0,,,,,,,,,,,,,,,,,,,,,,,,,,,,,,,,,,,,,,,,,,,,,,,,,,,,,,,,,,,,,,,,,,,,,,
155,TH--17640028291959,TH-50604,TH,61647,0,90,3,5.4713038198643114,2.451005098112319,4.7309572738138703,1.531679099503704,0.69314718055994529,0,1,0,0,8.4342395149019982,13.82615,101.313365,1,1,0,7.6189661112623168e-05,0,0.5,2,2056.2307579670914,1,2,4,2,2,0.5,,,,,,,,,,,,,,,,,,,,,,,,,,,,,,,,,,,,,,,,,,,0,,,,,,,,,,,,,,,,,,,,,,,,,,,,,,,,,,,,,,,,,,,,,,,,,,,,,,,,,,,,,,,,,,,,,,
156,TH--17640017534573,TH-50948,TH,11029,0,80,4,5.9232660029166997,1.7749523509116738,5.8726910285832101,1.9040400781846234,0,0,1.0041675104782084,0.0019726413966016198,0,5.3615014874755316,13.817935555555556,101.30463222222222,1,1,0,7.6189661112623168e-05,0,0.5,2,2386.8833526708991,1,2,10,3,2,0.20000000000000001,2.2395184425504029,1.8043478260869565,0.086956521739130432,1,0.60869565217391308,0.43478260869565216,0.60869565217391308,0,1.173913043478261,0.91304347826086951,-0.072089254856109619,0.07194085419178009,-0.023842653259634972,-0.1411522775888443,-0.072756178677082062,-0.015667853876948357,0.0068276654928922653,0.027143504470586777,-0.031580384820699692,0.094192124903202057,0.01545131579041481,-0.047849960625171661,0.0077433036640286446,-0.016598537564277649,-0.034297991544008255,0.030715595930814743,0.052709795534610748,0.002355918288230896,0.038643773645162582,-0.018508128821849823,-0.026766736060380936,0.03922649472951889,0.023212412372231483,-0.0040257880464196205,-0.068510383367538452,-0.0076345442794263363,0.032302320003509521,0.026730053126811981,0.0014275526627898216,-0.032445266842842102,0.027835320681333542,0.016292188316583633,1,0.64303159713745117,0.27126413583755493,0.026815269142389297,0.018364006653428078,0.040524978190660477,0.65825653076171875,0.2539997398853302,0.029358679428696632,0.019425874575972557,0.038959167897701263,0.26595321297645569,0.46329149603843689,0.1761491447687149,0.094606153666973114,0.00086296530207619071,1.9161145701218629e-06,0.0026756110601127148,0.0014966971939429641,0.0031767918262630701,0.0032063962426036596,0.38987541198730469,0.024204704910516739,0.57231336832046509,0.002186148427426815,0.31451910734176636,0.57384532690048218,0.035246171057224274,0.076389394700527191,0.0007496519829146564,2.2414629711420275e-05,0.0096451975405216217,0.0036178841255605221,0.01240592822432518,0.018305016681551933,0.41492927074432373,0.007522971834987402,0.52351456880569458,0.0092871608212590218,0.72141438722610474,0.27858561277389526,0.0013084367383271456,0.39285913109779358,0.59248769283294678,0.013344722799956799,0.068354241549968719,0.1870398074388504,0.71608686447143555,0.028519138693809509,0.33341190218925476,0.20474585890769958,0.46184223890304565,0.39416718482971191,0.0038136045914143324,0.60201919078826904,0.28694844245910645,0.71305161714553833,0.48713305592536926,0.51286691427230835,0.8409540057182312,0.15904600918292999,0.82317823171615601,0.1768217533826828,0.83548742532730103,0.16451258957386017,0.51445513963699341,0.48554486036300659,0.70973062515258789,0.29026931524276733,0.98386305570602417,0.016136916354298592
157,TH-17640025190710,TH-50950,TH,113437,0,80,3,4.6799065321021089,2.0014800002101243,5.3814579806308007,1.8576210228737811,1.6094379124341003,0.69314718055994529,1,0,0,18.59591341244883,13.76144,101.34219999999999,1,1,0,7.6189661112623168e-05,0,0.5,2,1132.6897798147311,1,3,7,2,3,0.42857142857142855,,,,,,,,,,,,,,,,,,,,,,,,,,,,,,,,,,,,,,,,,,,0,,,,,,,,,,,,,,,,,,,,,,,,,,,,,,,,,,,,,,,,,,,,,,,,,,,,,,,,,,,,,,,,,,,,,,
158,TH--17640064521988,TH-50964,TH,175095,0,80,4,5.548414387422504,4.6653241088078383,7.2221282708516732,3.2711171110266068,1.3862943611198906,1.3862943611198906,1.0000022166702902,1.7251205970540114e-05,0,7.7950526241303928,13.747863333333335,101.35049333333332,1,1,0,7.6189661112623168e-05,0,0.5,2,933.59084896732975,1,0,0,0,0,,,,,,,,,,,,,,,,,,,,,,,,,,,,,,,,,,,,,,,,,,,,0,,,,,,,,,,,,,,,,,,,,,,,,,,,,,,,,,,,,,,,,,,,,,,,,,,,,,,,,,,,,,,,,,,,,,,
159,TH--17640064151539,TH-15255,TH,31226,0,80,4,5.3558784770725678,2.8390784635086139,6.2696923229475825,2.4282927287358587,0,0,1.0001836393762129,0.00035228538865956648,0,9.4807715625618521,13.754027499999999,101.36841749999999,1,1,0,7.6189661112623168e-05,0,0.5,2,1144.9199692833922,2,2,8,1,2,0.25,2.6920099788716505,1.3333333333333333,0,0,1,0.33333333333333331,1,0.66666666666666663,3,0.33333333333333331,0.24916271865367889,-0.013632346875965595,0.040405116975307465,-0.095434598624706268,-0.0028944809455424547,-0.047534063458442688,-0.0061003617011010647,-0.041154935956001282,-0.0073819197714328766,-0.027975196018815041,0.0083579747006297112,0.029485940933227539,-0.018506364896893501,-0.011083097197115421,-0.004418517928570509,-0.0019832823891192675,0.077407144010066986,-0.028699075803160667,0.033008135855197906,0.0075901304371654987,-0.010110015980899334,-0.040336158126592636,-0.01620510034263134,-0.049628268927335739,0.026616975665092468,0.044745802879333496,-0.037103597074747086,0.018152341246604919,-0.009733119048178196,0.036443151533603668,-0.019346004351973534,0.025057494640350342,1,0.082637578248977661,0.647288978099823,0.11955106258392334,0.083804421126842499,0.066717945039272308,0.12370610982179642,0.73029607534408569,0.097587354481220245,0.017732258886098862,0.030678221955895424,0.63934266567230225,0.18898965418338776,0.051930427551269531,0.11973724514245987,0.0018310635350644588,0.20419216156005859,0.038642343133687973,0.00063193176174536347,0.049270343035459518,0.010432769544422626,0.44458675384521484,0.036457788199186325,0.12661643326282501,0.087338417768478394,0.06454053521156311,0.77166682481765747,0.12882493436336517,0.034967631101608276,0.043212089687585831,0.010256296023726463,0.052091147750616074,0.027115754783153534,0.035202689468860626,0.0098011977970600128,0.4539962112903595,0.13770444691181183,0.026359580457210541,0.20426054298877716,0.84379023313522339,0.15620981156826019,0.002801553113386035,0.033650469034910202,0.9136199951171875,0.049928009510040283,0.0028719799593091011,0.0052826930768787861,0.96914100646972656,0.022704338654875755,0.45416459441184998,0.40305081009864807,0.14278456568717957,0.22392058372497559,0.027045728638768196,0.74903368949890137,0.71163463592529297,0.28836539387702942,0.073509432375431061,0.92649060487747192,0.79062312841415405,0.20937687158584595,0.38665559887886047,0.61334437131881714,0.68649476766586304,0.31350529193878174,0.87208825349807739,0.1279117614030838,0.7343297004699707,0.2656702995300293,0.99975013732910156,0.00024981671595014632
160,TH--17640064930349,TH-39186,TH,165359,0,66,3,4.6837965064432812,0.53062825106217038,6.266685287821014,2.6263083349712093,0,0,1.000003758628458,6.0015977978579386e-05,0,0,9.1172733333333316,99.280899999999988,1,0,0,1.9015403338180123e-05,0,,0,1259.3567723319588,1,2,4,1,2,0.5,,,,,,,,,,,,,,,,,,,,,,,,,,,,,,,,,,,,,,,,,,,0,,,,,,,,,,,,,,,,,,,,,,,,,,,,,,,,,,,,,,,,,,,,,,,,,,,,,,,,,,,,,,,,,,,,,,
161,TH--17640028999030,TH-50965,TH,80961,0,90,4,4.0358322911544322,0.53062825106217038,3.6571248243978349,0.7964861889122764,0,0,1,0,0,0,13.743895,101.320565,1,0,0,1.9015403338180123e-05,0,,0,2794.8150689676713,0,3,6,3,3,0.5,,,,,,,,,,,,,,,,,,,,,,,,,,,,,,,,,,,,,,,,,,,0,,,,,,,,,,,,,,,,,,,,,,,,,,,,,,,,,,,,,,,,,,,,,,,,,,,,,,,,,,,,,,,,,,,,,,
162,TH-17640064875858,TH-51016,TH,93931,0,80,3,5.0479310788399525,0.53062825106217038,6.6470320663367977,2.8959047597831238,0,0,1.0000072192478899,8.4974726408559596e-05,0,19.353414809959212,13.755913333333334,101.34821000000001,1,1,0,7.6189661112623168e-05,0,0.5,2,637.98496183223642,3,2,6,2,2,0.33333333333333331,,,,,,,,,,,,,,,,,,,,,,,,,,,,,,,,,,,,,,,,,,,0,,,,,,,,,,,,,,,,,,,,,,,,,,,,,,,,,,,,,,,,,,,,,,,,,,,,,,,,,,,,,,,,,,,,,,
163,TH-17640064841767,TH-51063,TH,135506,0,80,3,5.0506249423124139,1.5040773967762742,6.7155446000740184,2.9608336871380567,0,0,1.0000104539766854,6.0124803332922152e-05,0,19.353289024362109,13.75517,101.34925333333332,1,0,0,1.9015403338180123e-05,0,,0,628.65020646678033,3,2,4,1,2,0.5,,,,,,,,,,,,,,,,,,,,,,,,,,,,,,,,,,,,,,,,,,,0,,,,,,,,,,,,,,,,,,,,,,,,,,,,,,,,,,,,,,,,,,,,,,,,,,,,,,,,,,,,,,,,,,,,,,
164,TH-17640064845868,TH-51064,TH,143120,0,80,3,5.0603773859910701,1.5040773967762742,6.7155446000740184,2.9608336871380567,0,0,1,0,0,19.239953340684664,13.755265,101.34926,1,1,0,7.6189661112623168e-05,0,0.5,2,629.93940970740846,3,2,4,1,2,0.5,,,,,,,,,,,,,,,,,,,,,,,,,,,,,,,,,,,,,,,,,,,0,,,,,,,,,,,,,,,,,,,,,,,,,,,,,,,,,,,,,,,,,,,,,,,,,,,,,,,,,,,,,,,,,,,,,,
165,TH-17640064651507,TH-1867,TH,365715,0,90,1,5.0183388784812886,0.53062825106217038,4.4246961586041351,1.0865351803098642,0,0,1,0,0,0,9.1278049999999986,99.267709999999994,1,0,0,1.9015403338180123e-05,0,,0,1774.6754590065098,0,2,6,2,2,0.33333333333333331,2.8117803333142022,1,0,1,1,0,1,0,0,1,-0.095147877931594849,-0.026698201894760132,0.00030569545924663544,0.20773991942405701,-0.041989080607891083,-0.04721812903881073,-0.038774609565734863,0.062681682407855988,-0.092152729630470276,-0.07411377876996994,-0.0096781570464372635,-0.032617002725601196,-0.057373702526092529,0.064887009561061859,0.045671001076698303,0.093467079102993011,-0.087297044694423676,0.016278650611639023,-0.013782713562250137,-0.060039639472961426,-0.075949661433696747,-0.092591471970081329,0.047608103603124619,-0.087713755667209625,-0.013370305299758911,-0.10904023051261902,0.0047120489180088043,0.081353291869163513,-0.04263363778591156,-0.01388544961810112,0.040730617940425873,0.028856411576271057,1,0.94458186626434326,0.030064918100833893,0.000307832146063447,0.0084023438394069672,0.016643045470118523,0.84145182371139526,0.13888280093669891,0.0015443812590092421,0.0098470374941825867,0.0082739843055605888,0.16427546739578247,0.017994964495301247,0.080221414566040039,0.73750817775726318,0.02512517012655735,0.0026204024907201529,0.014304980635643005,0.00059642002452164888,0.010123167186975479,0.00086125510279089212,0.84644728899002075,0.034782614558935165,0.0034780707210302353,0.06166062131524086,0.037780791521072388,0.084507875144481659,0.040681689977645874,0.83702963590621948,0.030349643900990486,0.0012915903935208917,0.098273761570453644,0.012456712312996387,0.029723742976784706,0.013452556915581226,0.064628437161445618,0.022275688126683235,0.34624177217483521,0.38130608201026917,0.79863762855529785,0.20136238634586334,3.5414152080193162e-05,0.051036547869443893,0.93685239553451538,0.012075668200850487,0.00073248264379799366,0.54258948564529419,0.41087335348129272,0.0458047054708004,0.19145135581493378,0.24322749674320221,0.56532114744186401,0.64498823881149292,0.004537439439445734,0.35047432780265808,0.40924030542373657,0.59075969457626343,0.24051783978939056,0.75948214530944824,0.55855035781860352,0.44144964218139648,0.74829721450805664,0.25170278549194336,0.73766618967056274,0.26233381032943726,0.040012296289205551,0.95998769998550415,0.73311221599578857,0.26688775420188904,0.72154247760772705,0.27845755219459534
166,TH-17640062372215,TH-1942,TH,598348,0,90,1,4.7089895146270884,0.87546873735389985,5.4438100195042409,1.8494499132275315,0,0,1.0002119368362141,0.00038088059464011308,0,0,9.1199133333333329,99.294960000000003,1,0,0,1.9015403338180123e-05,0,,0,1589.2911622112938,0,2,8,0,2,0.25,2.6548597676794579,1.5,0,0,1,0,1,0.25,2.25,0.25,0.17816299200057983,-0.11280640214681625,0.050639033317565918,0.20029926300048828,-0.047458704560995102,0.020328335464000702,0.0028479844331741333,0.084489971399307251,-0.020787686109542847,-0.022953635081648827,0.044375348836183548,-0.083139032125473022,0.061707545071840286,-0.024503190070390701,0.0046365773305296898,-0.0029077064245939255,-0.016985371708869934,0.016073115170001984,0.0047531034797430038,-0.015215767547488213,-0.048747822642326355,-0.10804276913404465,0.014861292205750942,-0.037989668548107147,-0.023407973349094391,-0.073313042521476746,0.071578323841094971,-0.02117886021733284,0.023130228742957115,0.016781531274318695,-0.014744626358151436,-0.017346888780593872,1,0.33362787961959839,0.13649536669254303,0.31557497382164001,0.085051946341991425,0.12924982607364655,0.5405387282371521,0.38019335269927979,0.027877913787961006,0.022395594045519829,0.028994426131248474,0.74358361959457397,0.013427277095615864,0.080963432788848877,0.16202567517757416,0.27247482538223267,0.00073445338057354093,0.02264377661049366,0.003109512384980917,0.024909451603889465,0.0081728659570217133,0.15028651058673859,0.059756200760602951,0.42295956611633301,0.034952852874994278,0.21259129047393799,0.44947123527526855,0.13981811702251434,0.19811934232711792,0.0050257602706551552,0.0007032488938421011,0.069975003600120544,0.15602545440196991,0.049327008426189423,0.020297210663557053,0.13196499645709991,0.14472456276416779,0.35660892724990845,0.06534779816865921,0.75720250606536865,0.24279752373695374,6.147060776129365e-05,0.087962321937084198,0.90632402896881104,0.0056521953083574772,0.067871883511543274,0.25994586944580078,0.49076873064041138,0.18141347169876099,0.41769325733184814,0.23489977419376373,0.34740698337554932,0.40409591794013977,0.0037224944680929184,0.59218156337738037,0.3593023419380188,0.6406976580619812,0.4285702109336853,0.5714297890663147,0.48600482940673828,0.51399517059326172,0.33374905586242676,0.66625094413757324,0.77906256914138794,0.22093741595745087,0.41234871745109558,0.58765131235122681,0.73619681596755981,0.26380318403244019,0.8198859691619873,0.1801140159368515
167,TH--17640029800835,TH-50949,TH,88519,0,90,3,5.0682121389002752,1.6094379124341003,3.3614897721719115,0.67280569123767431,0,0,1,0,0,12.635297667257561,13.80593,101.317125,1,1,0,7.6189661112623168e-05,0,0.5,2,2900.6006443691285,1,0,0,0,0,,,,,,,,,,,,,,,,,,,,,,,,,,,,,,,,,,,,,,,,,,,,0,,,,,,,,,,,,,,,,,,,,,,,,,,,,,,,,,,,,,,,,,,,,,,,,,,,,,,,,,,,,,,,,,,,,,,
168,TH--17640064796664,TH-51261,TH,156897,0,90,4,4.7310977425858818,3.6454498961866002,4.6464583129253576,1.2405473921384993,0.69314718055994529,0,1.0006599582015931,0.00065664329893696041,0,17.729638181857894,13.679676666666666,101.42425000000001,1,1,0,7.6189661112623168e-05,0,0.5,2,3470.8586407228149,1,0,0,0,0,,,,,,,,,,,,,,,,,,,,,,,,,,,,,,,,,,,,,,,,,,,,0,,,,,,,,,,,,,,,,,,,,,,,,,,,,,,,,,,,,,,,,,,,,,,,,,,,,,,,,,,,,,,,,,,,,,,
169,TH--17640020026919,TH-15256,TH,13058,1,60,4,4.7685637328965269,2.1041341542702074,6.2426144078617396,2.5816607478978533,0,0,1.0000222616679697,0.00011626629832124873,0,25.92196929194111,13.750946666666666,101.36468666666667,1,1,0,7.6189661112623168e-05,0,0.5,2,884.86540420508504,2,0,0,0,0,,2.9367731605270624,0.83333333333333337,0,0,1,0,1,0.33333333333333331,2,0.33333333333333331,0.26925006508827209,0.1676446944475174,-0.014239023439586163,-0.028900479897856712,0.060959089547395706,-0.0036755104083567858,0.17015857994556427,-0.0054435334168374538,0.025589996948838234,-0.07363370805978775,-0.049296140670776367,-0.014157538302242756,-0.019047847017645836,-0.062579497694969177,-0.0052210814319550991,-0.014738981612026691,0.036464851349592209,0.03626711294054985,-0.035417377948760986,-0.059791881591081619,0.011088701896369457,-0.074702799320220947,0.03520100936293602,-0.023441972211003304,0.0020679284352809191,-0.020357271656394005,-0.025452993810176849,0.008725498802959919,-0.016524292528629303,0.014673776924610138,0.0004301220178604126,0.0177894476801157,1,0.70644950866699219,0.23035462200641632,0.0055539985187351704,0.024639761075377464,0.033002093434333801,0.75142019987106323,0.11477594822645187,0.018256930634379387,0.056966308504343033,0.058580595999956131,0.24931995570659637,0.15743675827980042,0.076061278581619263,0.51718205213546753,0.0010703851003199816,0.010706854052841663,0.016393175348639488,0.00078624207526445389,0.016078457236289978,0.007352129090577364,0.54044073820114136,0.029716046527028084,0.35097560286521912,0.026480389758944511,0.31561547517776489,0.19459061324596405,0.033605009317398071,0.45618888735771179,0.0011213014367967844,0.015749240294098854,0.0094269514083862305,0.00063575844978913665,0.0094874491915106773,0.001138305407948792,0.20619034767150879,0.0084739690646529198,0.57090109586715698,0.17687557637691498,0.61488479375839233,0.38511523604393005,0.082740306854248047,0.26746061444282532,0.45433974266052246,0.19545936584472656,0.01832466758787632,0.29107284545898438,0.63968318700790405,0.050919294357299805,0.61512058973312378,0.25217914581298828,0.13270029425621033,0.18255220353603363,0.014714271761476994,0.80273348093032837,0.46244463324546814,0.53755539655685425,0.22750510275363922,0.7724948525428772,0.75694465637207031,0.24305534362792969,0.24647994339466095,0.75352001190185547,0.64377099275588989,0.35622897744178772,0.46301278471946716,0.53698724508285522,0.60234361886978149,0.39765632152557373,0.83695381879806519,0.1630462259054184
170,TH--17640064265881,TH-16774,TH,579287,0,80,4,4.0920085024245525,5.0119677393300339,9.0189179657240697,5.4123500731253271,2.0794415416798357,1.6094379124341003,1.0003528896956699,0.0029414059285979197,0,0,13.705603999999999,100.53023799999998,1,0,0,1.9015403338180123e-05,0,,0,1016.8410999335147,2,2,4,0,3,0.75,3.3392559242405384,1,0,1,0.33333333333333331,0,1,0,3,0,0.08919370174407959,-0.14434762299060822,0.16782408952713013,0.13307464122772217,-0.048013627529144287,-0.1250646561384201,0.07168211042881012,-0.0062915361486375332,-0.052176695317029953,-0.047646123915910721,-0.015235654078423977,0.077080152928829193,0.015672666952013969,1.2317672371864319e-05,-0.10044559091329575,0.030086159706115723,0.0021251786965876818,-0.0184174794703722,0.071492426097393036,0.0026101220864802599,-0.033686112612485886,-0.050387397408485413,0.076227389276027679,0.0028390784282237291,0.0065678968094289303,0.02421896904706955,-0.043022006750106812,-0.046593975275754929,-0.058029774576425552,0.066489957273006439,0.0068374923430383205,-0.010725166648626328,1,0.15690486133098602,0.13683952391147614,0.31715404987335205,0.16270364820957184,0.22639791667461395,0.0016565619735047221,0.34191298484802246,0.58291125297546387,0.026881596073508263,0.046637579798698425,0.8563806414604187,0.013761718757450581,0.095614321529865265,0.034243389964103699,0.00067625549854710698,0.21974676847457886,0.030121931806206703,0.0023383037187159061,0.012027298100292683,0.014615260995924473,0.0082047367468476295,0.134931281208992,0.44792112708091736,0.1294170469045639,0.36917153000831604,0.43351098895072937,0.18705393373966217,0.010263551957905293,0.00084419810445979238,0.00046265232958830893,0.037645343691110611,0.020654110237956047,0.026853850111365318,0.11326549202203751,0.040181376039981842,0.17511504888534546,0.54001140594482422,0.044966544955968857,0.68981903791427612,0.31018096208572388,0.0013497341424226761,0.016732405871152878,0.94437915086746216,0.037538647651672363,0.0091316299512982368,0.021901518106460571,0.92506027221679688,0.043906580656766891,0.86547118425369263,0.10187719017267227,0.032651621848344803,0.35193952918052673,0.0034304587170481682,0.64463001489639282,0.43188431859016418,0.56811565160751343,0.73396509885787964,0.26603496074676514,0.80201631784439087,0.19798366725444794,0.37961792945861816,0.62038207054138184,0.76305824518203735,0.23694171011447906,0.96083259582519531,0.0391673743724823,0.69139426946640015,0.30860576033592224,0.99999850988388062,1.4841502888884861e-06
171,TH-17640065078526,TH-152,TH,483393,0,25,2,3.499231121933521,2.360854001118021,7.4952282843961839,3.9309731460709756,0.69314718055994529,0,1,0,0,95.404380516365933,13.73094,100.545455,1,0,0,1.9015403338180123e-05,0,,0,500.08727455506835,2,2,7,2,2,0.2857142857142857,3.2853407789488882,1,0,1,0,0,1,0,3,0,0.12570084631443024,-0.033879131078720093,0.19978472590446472,0.1365814208984375,-0.047135051339864731,-0.098113462328910828,0.07600712776184082,0.01032416895031929,0.024405758827924728,0.035718783736228943,-0.069224357604980469,0.023997552692890167,0.065088704228401184,0.13768114149570465,-0.087284065783023834,-0.030201274901628494,0.037351436913013458,-0.0029110168106853962,0.07015034556388855,0.047685243189334869,0.058967836201190948,0.01125730574131012,-0.063447527587413788,0.051119379699230194,0.045747853815555573,0.010643396526575089,-0.032371446490287781,-0.061569668352603912,0.032249219715595245,0.028780942782759666,-0.031732417643070221,-0.0049324668943881989,1,0.67478680610656738,0.052598662674427032,0.12677735090255737,0.096942052245140076,0.048895146697759628,0.011649012565612793,0.24393829703330994,0.28217026591300964,0.23727670311927795,0.22496570646762848,0.31600409746170044,0.19198445975780487,0.43519100546836853,0.056820463389158249,0.0001760635495884344,0.003176204627379775,0.064291775226593018,0.012738605961203575,0.11018748581409454,0.040752902626991272,0.47351771593093872,0.053327187895774841,0.020840782672166824,0.22099125385284424,0.44744420051574707,0.045602336525917053,0.45982888340950012,0.047124575823545456,0.00051153078675270081,1.4300044313131366e-05,0.037553228437900543,0.00028501686756499112,0.013689827173948288,0.019238486886024475,0.51395326852798462,0.23886609077453613,0.01224928442388773,0.16363897919654846,0.84346544742584229,0.15653450787067413,0.0021114498376846313,0.27623060345649719,0.66450536251068115,0.057152591645717621,0.0003785248554777354,0.35307455062866211,0.58070194721221924,0.065844990313053131,0.57094937562942505,0.12143678963184357,0.30761384963989258,0.12447482347488403,0.0042808149009943008,0.87124437093734741,0.27762266993522644,0.72237730026245117,0.78569215536117554,0.21430785953998566,0.76545840501785278,0.23454159498214722,0.013356504961848259,0.98664349317550659,0.81330442428588867,0.18669559061527252,0.85716241598129272,0.14283759891986847,0.75025081634521484,0.24974918365478516,0.99999856948852539,1.4194811228662729e-06
172,TH-17640032054434,TH-157,TH,1129008,0,80,2,4.5829245770407718,3.1654750481410856,7.7745152036735927,4.0082375687508707,0,0.69314718055994529,1.0007535280061586,0.0039979073253774925,0,41.023133985146671,13.736707999999998,100.54629000000001,1,0,0,1.9015403338180123e-05,0,,0,513.83322920301555,2,2,6,1,2,0.33333333333333331,3.4650675701745861,1,0,1,0,0,1,0,3,0,-0.038539357483386993,0.11612723022699356,0.20749102532863617,0.12621265649795532,-0.0037430897355079651,-0.11207729578018188,0.12558643519878387,-0.053569216281175613,0.038071982562541962,0.04953882098197937,-0.069576263427734375,0.13810747861862183,0.076973386108875275,0.17916834354400635,-0.074117563664913177,0.064030915498733521,-0.031603917479515076,0.068271324038505554,0.0020723436027765274,0.045376196503639221,0.029330253601074219,-0.0027547860518097878,0.036517351865768433,0.0090375281870365143,0.029892869293689728,-0.022442851215600967,-0.024242483079433441,-0.059637121856212616,-0.018220916390419006,0.0093039274215698242,-0.040509317070245743,0.022681105881929398,1,0.60166311264038086,0.025465788319706917,0.070917591452598572,0.1953178346157074,0.10663563758134842,0.18826556205749512,0.18944744765758514,0.028793174773454666,0.1616666316986084,0.43182718753814697,0.15706299245357513,0.40770864486694336,0.18845741450786591,0.24677097797393799,0.0001951469894265756,7.5392337748780847e-05,0.023511212319135666,0.0071232439950108528,0.044719647616147995,0.066398963332176208,0.02863159216940403,0.41093474626541138,0.22924706339836121,0.1891629695892334,0.50134044885635376,0.41504195332527161,0.073219239711761475,0.010398378595709801,0.00034930804395116866,1.8185948647442274e-05,0.1389436274766922,0.0015195762971416116,0.074352368712425232,0.097022287547588348,0.43647852540016174,0.086132392287254333,0.1498652845621109,0.015318474732339382,0.72527927160263062,0.27472072839736938,0.0032697222195565701,0.18852020800113678,0.79068326950073242,0.01752682588994503,0.00555056007578969,0.42782562971115112,0.54918587207794189,0.017437957227230072,0.98835372924804688,0.0062885554507374763,0.0053576966747641563,0.29725164175033569,0.010247832164168358,0.69250047206878662,0.14292459189891815,0.85707539319992065,0.89348948001861572,0.1065104752779007,0.80308985710144043,0.19691014289855957,0.23401087522506714,0.76598912477493286,0.76396942138671875,0.23603060841560364,0.53639000654220581,0.46360999345779419,0.69738185405731201,0.30261817574501038,1,1.7953517783553252e-08
173,TH-17640065406487,TH-157,TH,1060606,0,80,2,4.1940390562532999,3.1654750481410856,7.6635430371681439,4.0176703539830063,0,0.69314718055994529,1.0007472320002624,0.0054024854208795988,0,46.069083316275716,13.736862500000001,100.54639499999999,1,0,0,1.9015403338180123e-05,0,,0,515.28419373948122,2,3,5,1,3,0.59999999999999998,3.4650675701745861,1,0,1,0,0,1,0,3,0,-0.038539357483386993,0.11612723022699356,0.20749102532863617,0.12621265649795532,-0.0037430897355079651,-0.11207729578018188,0.12558643519878387,-0.053569216281175613,0.038071982562541962,0.04953882098197937,-0.069576263427734375,0.13810747861862183,0.076973386108875275,0.17916834354400635,-0.074117563664913177,0.064030915498733521,-0.031603917479515076,0.068271324038505554,0.0020723436027765274,0.045376196503639221,0.029330253601074219,-0.0027547860518097878,0.036517351865768433,0.0090375281870365143,0.029892869293689728,-0.022442851215600967,-0.024242483079433441,-0.059637121856212616,-0.018220916390419006,0.0093039274215698242,-0.040509317070245743,0.022681105881929398,1,0.60166311264038086,0.025465788319706917,0.070917591452598572,0.1953178346157074,0.10663563758134842,0.18826556205749512,0.18944744765758514,0.028793174773454666,0.1616666316986084,0.43182718753814697,0.15706299245357513,0.40770864486694336,0.18845741450786591,0.24677097797393799,0.0001951469894265756,7.5392337748780847e-05,0.023511212319135666,0.0071232439950108528,0.044719647616147995,0.066398963332176208,0.02863159216940403,0.41093474626541138,0.22924706339836121,0.1891629695892334,0.50134044885635376,0.41504195332527161,0.073219239711761475,0.010398378595709801,0.00034930804395116866,1.8185948647442274e-05,0.1389436274766922,0.0015195762971416116,0.074352368712425232,0.097022287547588348,0.43647852540016174,0.086132392287254333,0.1498652845621109,0.015318474732339382,0.72527927160263062,0.27472072839736938,0.0032697222195565701,0.18852020800113678,0.79068326950073242,0.01752682588994503,0.00555056007578969,0.42782562971115112,0.54918587207794189,0.017437957227230072,0.98835372924804688,0.0062885554507374763,0.0053576966747641563,0.29725164175033569,0.010247832164168358,0.69250047206878662,0.14292459189891815,0.85707539319992065,0.89348948001861572,0.1065104752779007,0.80308985710144043,0.19691014289855957,0.23401087522506714,0.76598912477493286,0.76396942138671875,0.23603060841560364,0.53639000654220581,0.46360999345779419,0.69738185405731201,0.30261817574501038,1,1.7953517783553252e-08
174,TH-17640031857672,TH-160,TH,436499,0,80,4,3.9653741809251408,4.2355547307736243,8.905150192916226,5.2725719398746742,2.1972245773362196,1.0986122886681096,1.0000016160919818,7.0263823429976007e-05,0,38.436050286014584,13.703376666666665,100.52965999999999,1,1,0,7.6189661112623168e-05,0,0.5,2,938.17364121233709,2,2,7,1,2,0.2857142857142857,,,,,,,,,,,,,,,,,,,,,,,,,,,,,,,,,,,,,,,,,,,0,,,,,,,,,,,,,,,,,,,,,,,,,,,,,,,,,,,,,,,,,,,,,,,,,,,,,,,,,,,,,,,,,,,,,,
175,TH--17640031857672,TH-160,TH,498155,0,80,4,3.9653741809251408,4.2355547307736243,8.905150192916226,5.2725719398746742,2.1972245773362196,1.0986122886681096,1.0000016160919818,7.0263823429976007e-05,0,38.436050286014584,13.703376666666665,100.52965999999999,1,1,0,7.6189661112623168e-05,0,0.5,2,938.17364121233709,2,0,0,0,0,,,,,,,,,,,,,,,,,,,,,,,,,,,,,,,,,,,,,,,,,,,,0,,,,,,,,,,,,,,,,,,,,,,,,,,,,,,,,,,,,,,,,,,,,,,,,,,,,,,,,,,,,,,,,,,,,,,
176,TH-17640032379913,TH-16518,TH,520133,0,80,3,4.6875793222288094,4.6681449851494801,8.6672289055570371,4.9605186605145102,2.3978952727983707,2.0794415416798357,1.0000000212468894,3.8461336710035662e-06,0,0,13.76802,100.65062666666665,1,0,0,1.9015403338180123e-05,0,,0,869.43698474270434,2,2,4,1,2,0.5,2.9810709843860703,0.96875,0,0.5625,0.6875,0,1,0.125,2.625,0.0625,0.12909729778766632,-0.059173773974180222,0.13319313526153564,0.1095861941576004,-0.050877060741186142,-0.1165936067700386,0.03893810510635376,-0.0045719179324805737,0.00037449691444635391,0.016649145632982254,-0.038493338972330093,0.011239287443459034,0.03368610143661499,0.01083705760538578,-0.040480572730302811,-0.013013880699872971,0.040283728390932083,-0.01175988931208849,-0.0039784815162420273,-0.017003141343593597,0.001556954812258482,-0.037970773875713348,-0.0076110837981104851,0.055009040981531143,0.044471018016338348,0.0027920417487621307,-0.0033446317538619041,0.0063293850980699062,0.0081309154629707336,0.017885986715555191,0.00060559716075658798,0.012549633160233498,1,0.32034510374069214,0.30889782309532166,0.11783441156148911,0.12169123440980911,0.13123142719268799,0.18018606305122375,0.46778213977813721,0.16316449642181396,0.07312610000371933,0.11574121564626694,0.50743108987808228,0.096797965466976166,0.32048085331916809,0.075290068984031677,0.0038953027687966824,0.013413868844509125,0.060683880001306534,0.063021689653396606,0.056077741086483002,0.051178086549043655,0.30825516581535339,0.20133410394191742,0.17549480497837067,0.066645339131355286,0.53776812553405762,0.25808733701705933,0.12016770243644714,0.083976835012435913,0.014515695162117481,0.013119920156896114,0.088137730956077576,0.029887847602367401,0.058106236159801483,0.13440549373626709,0.11785787343978882,0.10455941408872604,0.38923749327659607,0.050172295421361923,0.71398425102233887,0.28601571917533875,0.0074798003770411015,0.22702029347419739,0.72138744592666626,0.044112455099821091,0.02448333241045475,0.12781484425067902,0.77500730752944946,0.07269451767206192,0.80194956064224243,0.12566667795181274,0.072383761405944824,0.40253210067749023,0.029312759637832642,0.56815516948699951,0.18126426637172699,0.81873571872711182,0.65443730354309082,0.34556266665458679,0.56053996086120605,0.43946000933647156,0.27743518352508545,0.72256481647491455,0.76279819011688232,0.23720183968544006,0.67611038684844971,0.32388961315155029,0.69465237855911255,0.30534762144088745,0.99639177322387695,0.0036082037258893251
177,TH--17640059106210,TH-19218,TH,108302,0,90,4,6.463201049062171,0.53062825106217038,5.9995061332954984,1.985795138941463,0,0,1.0537024138727686,0.0028303340801658712,0,3.1271858896194829,9.0728952173913058,99.228776956521756,1,1,0,7.6189661112623168e-05,0,0.5,2,2829.2517317360271,1,0,0,0,0,,2.3843002392137138,1.8333333333333333,0,0.80000000000000004,0.53333333333333333,0.13333333333333333,0.80000000000000004,0,1.3999999999999999,0.66666666666666663,-0.11914787441492081,-0.099302209913730621,-0.076774083077907562,0.13287334144115448,-0.062748603522777557,-0.025630500167608261,-0.017234554514288902,0.055418599396944046,-0.015082764439284801,-0.019065303727984428,0.0063284779898822308,-0.017978588119149208,0.013831428252160549,-0.015066423453390598,-0.04024779424071312,0.057750880718231201,-0.00085472030332311988,0.028309296816587448,-0.016948513686656952,0.0097729768604040146,-0.017507532611489296,-0.025842253118753433,0.0028518859762698412,0.041340097784996033,-0.013357573188841343,-0.0036694684531539679,0.011187962256371975,0.025039609521627426,-0.016383469104766846,0.022294266149401665,0.024481948465108871,0.018329756334424019,1,0.78132951259613037,0.093117199838161469,0.016692180186510086,0.063309095799922943,0.045551978051662445,0.7570725679397583,0.21618975698947906,0.0013444203650578856,0.008516223169863224,0.016877025365829468,0.21150919795036316,0.24020975828170776,0.43166795372962952,0.11661309748888016,0.0016827603103592992,0.00036912880023010075,0.019436424598097801,0.026386799290776253,0.057088721543550491,0.05328836664557457,0.50526887178421021,0.17962346971035004,0.10162255167961121,0.055232923477888107,0.18081276118755341,0.67282748222351074,0.073435425758361816,0.07292436808347702,0.0050176610238850117,0.00018136805738322437,0.047477368265390396,0.11224998533725739,0.082498341798782349,0.09017663449048996,0.043332256376743317,0.1284802109003067,0.45768934488296509,0.032896809279918671,0.7640957236289978,0.23590424656867981,0.0028743359725922346,0.3619275689125061,0.5999685525894165,0.03522958979010582,0.037053856998682022,0.18874754011631012,0.65149277448654175,0.12270582467317581,0.71064448356628418,0.14821107685565948,0.14114445447921753,0.37782534956932068,0.063134349882602692,0.55904030799865723,0.22483284771442413,0.77516716718673706,0.69507879018783569,0.30492123961448669,0.65427076816558838,0.34572926163673401,0.75670832395553589,0.24329164624214172,0.80556070804595947,0.19443932175636292,0.56433868408203125,0.43566128611564636,0.79056167602539062,0.20943835377693176,0.99993807077407837,6.1938633734825999e-05
178,TH-17640064889349,TH-51015,TH,89494,0,80,3,4.788657729422015,0.99325177301028345,6.4625274086636919,2.7868881802117604,0.69314718055994529,0,1,0,0,8.3368159590847188,13.756625,101.346935,1,0,0,1.9015403338180123e-05,0,,0,682.39457749593771,3,2,4,2,2,0.5,,,,,,,,,,,,,,,,,,,,,,,,,,,,,,,,,,,,,,,,,,,0,,,,,,,,,,,,,,,,,,,,,,,,,,,,,,,,,,,,,,,,,,,,,,,,,,,,,,,,,,,,,,,,,,,,,,
179,TH--17640032144391,TH-16829,TH,500376,0,80,3,4.894550815075454,3.6323091026255421,7.7300417477811285,4.0102282131519962,1.791759469228055,1.6094379124341003,1.000019288337064,0.00010122901228569692,0,0,13.746753333333332,100.52774333333333,1,0,0,1.9015403338180123e-05,0,,0,970.97238869653484,0,2,6,1,3,0.5,,,,,,,,,,,,,,,,,,,,,,,,,,,,,,,,,,,,,,,,,,,0,,,,,,,,,,,,,,,,,,,,,,,,,,,,,,,,,,,,,,,,,,,,,,,,,,,,,,,,,,,,,,,,,,,,,,
180,TH-17640064264248,TH-17225,TH,621939,0,80,4,4.2639466799413919,3.6000482404073204,8.1431349694187549,4.4905602706634822,1.0986122886681096,1.0986122886681096,1.0000025674728903,0.00015006908657216929,0,0,13.730773333333333,100.50663666666667,1,0,0,1.9015403338180123e-05,0,,0,1021.2771756087807,1,2,7,3,2,0.2857142857142857,3.297563866162208,1,0,1,0,0,1,0,3,0,0.11323109269142151,-0.055137231945991516,0.24424904584884644,0.081982001662254333,0.018418885767459869,-0.018869031220674515,0.16060289740562439,0.0062920353375375271,-0.00061168894171714783,0.010803203098475933,-0.0024786759167909622,0.071067124605178833,0.061412591487169266,0.077240578830242157,-0.11075097322463989,0.043591231107711792,0.078220628201961517,0.066318057477474213,0.018927218392491341,-0.061644922941923141,0.002786882221698761,0.010948251001536846,-0.024674821645021439,0.016917556524276733,0.049801357090473175,0.03377184271812439,0.0061273174360394478,0.035248979926109314,0.0075794914737343788,0.0018505565822124481,-0.0061050578951835632,-0.0096997004002332687,1,0.43845629692077637,0.067420899868011475,0.120369553565979,0.19773243367671967,0.17602080106735229,0.055305566638708115,0.12163634598255157,0.55845969915390015,0.11017386615276337,0.15442453324794769,0.91114497184753418,0.012978436425328255,0.067264541983604431,0.0086120860651135445,0.012299029156565666,0.021190302446484566,0.085034117102622986,0.015570358373224735,0.068092942237854004,0.057660840451717377,0.08126242458820343,0.50899475812911987,0.040725726634263992,0.10916952788829803,0.47069132328033447,0.33235204219818115,0.15100261569023132,0.045954003930091858,0.0032782787457108498,0.011819317936897278,0.087461292743682861,0.012799416668713093,0.10697761178016663,0.073933959007263184,0.2243020236492157,0.13002936542034149,0.055043626576662064,0.29435509443283081,0.6926652193069458,0.30733472108840942,0.0028862222097814083,0.040317658334970474,0.91461199522018433,0.042184121906757355,0.0017796930624172091,0.018291892483830452,0.92480069398880005,0.055127710103988647,0.97530686855316162,0.02159833163022995,0.003094787709414959,0.044332459568977356,0.00016707438044250011,0.95550048351287842,0.37593865394592285,0.62406134605407715,0.90486788749694824,0.09513208270072937,0.66827142238616943,0.33172857761383057,0.1675504744052887,0.83244955539703369,0.7170332670211792,0.28296670317649841,0.99043768644332886,0.009562336839735508,0.55075371265411377,0.44924625754356384,0.99999761581420898,2.3584109385410557e-06
181,TH--17640064145793,TH-39046,TH,10344,0,80,5,4.9054229156137241,1.9740810260220094,3.9577068085351637,0.83998734733144209,1.0986122886681096,0,1.0002667456556023,0.0012573809864992176,0,14.941780469745755,9.1718580000000003,99.232724000000005,1,1,0,7.6189661112623168e-05,0,0.5,2,2612.6668620409719,1,2,8,2,2,0.25,,,,,,,,,,,,,,,,,,,,,,,,,,,,,,,,,,,,,,,,,,,0,,,,,,,,,,,,,,,,,,,,,,,,,,,,,,,,,,,,,,,,,,,,,,,,,,,,,,,,,,,,,,,,,,,,,,
182,TH-17640065218560,TH-39108,TH,154599,0,90,5,6.0953514775722546,0.87546873735389985,4.8382462551782348,1.2128825292904875,0,0,1.0511722626600977,0.0045823774507597346,0,0,9.190014230769231,99.260097307692291,1,0,0,1.9015403338180123e-05,0,,0,1907.7759438970547,1,1,8,1,2,0.25,2.4948439053768761,1.7857142857142858,0,1,1,0,0.8571428571428571,0,0.42857142857142855,1,-0.092649057507514954,-0.051058441400527954,-0.031314302235841751,-0.033385846763849258,-0.039734292775392532,-0.043985310941934586,-0.024555804207921028,0.040824182331562042,0.060418568551540375,-0.055637329816818237,0.023242276161909103,-0.03918413445353508,-0.08069988340139389,0.092291556298732758,0.023017758503556252,-0.045030396431684494,0.013472335413098335,0.020214853808283806,-0.024502323940396309,0.038161009550094604,-0.033403538167476654,0.010739703662693501,-0.0097463754937052727,-0.00087205215822905302,-0.0051143178716301918,0.026253895834088326,0.0029454338364303112,-0.013622726313769817,0.017802368849515915,-0.0094500649720430374,0.018470486626029015,-0.0031804421450942755,1,0.23825839161872864,0.63518887758255005,0.0080146007239818573,0.060396283864974976,0.058141890913248062,0.097262457013130188,0.88488870859146118,0.0016030283877626061,0.0089363725855946541,0.0073093888349831104,0.23557491600513458,0.4450036883354187,0.30068770051002502,0.018733734264969826,0.05045844241976738,0.0045048394240438938,0.020061170682311058,0.075375929474830627,0.032586496323347092,0.0037586844991892576,0.76545238494873047,0.020757397636771202,0.0062169283628463745,0.020827692002058029,0.26387196779251099,0.61736935377120972,0.090568415820598602,0.028190255165100098,0.039928406476974487,0.016983846202492714,0.043755035847425461,0.20989131927490234,0.14051413536071777,0.022124767303466797,0.12807737290859222,0.060901515185832977,0.080171681940555573,0.2576519250869751,0.57593685388565063,0.42406311631202698,0.084230437874794006,0.75134783983230591,0.1278298944234848,0.03659183531999588,0.057076346129179001,0.30738025903701782,0.42230033874511719,0.2132430374622345,0.94300144910812378,0.022205512970685959,0.03479304164648056,0.47733154892921448,0.15775465965270996,0.36491379141807556,0.15471117198467255,0.84528881311416626,0.41837167739868164,0.58162832260131836,0.56698167324066162,0.43301835656166077,0.69708412885665894,0.30291584134101868,0.80597078800201416,0.19402921199798584,0.42410704493522644,0.57589298486709595,0.76497191190719604,0.23502802848815918,0.96647089719772339,0.033529091626405716
183,TH-17640063908548,TH-19406,TH,522689,0,80,2,4.6799065321021089,2.4069451083182885,6.936675214464632,3.3344033854165822,0,0,1,0,0,0,9.107565000000001,99.296289999999999,1,0,0,1.9015403338180123e-05,0,,0,1715.3851447815705,1,2,5,0,2,0.40000000000000002,2.8569035780886409,1,0,0.8571428571428571,0.5714285714285714,0,1,0,3,0,0.1171160489320755,-0.18341031670570374,0.14214825630187988,0.14446552097797394,-0.042473100125789642,-0.043857898563146591,0.010903303511440754,0.091565258800983429,0.0035159827675670385,-0.0071090040728449821,-0.035605613142251968,-0.033644698560237885,0.035375647246837616,-0.042952951043844223,-0.025163194164633751,0.033701363950967789,0.020348919555544853,0.02228364534676075,-0.039704706519842148,-0.04391629621386528,0.036117523908615112,-0.011343053542077541,-0.045176871120929718,0.016065752133727074,-0.0027245883829891682,-0.011088802479207516,0.027674010023474693,0.0015362522099167109,0.0066161514259874821,0.020066777244210243,0.02561788447201252,0.0031641481909900904,1,0.25742575526237488,0.18685320019721985,0.1621544361114502,0.18126125633716583,0.21230535209178925,0.23967359960079193,0.59120368957519531,0.039797969162464142,0.039447762072086334,0.089877009391784668,0.33489817380905151,0.07462707906961441,0.54675090312957764,0.043723888695240021,0.00065659807296469808,0.0017132244538515806,0.010921558365225792,0.05158647894859314,0.021511074155569077,0.021873975172638893,0.15104250609874725,0.14851744472980499,0.58483749628067017,0.0073396200314164162,0.83658993244171143,0.068065285682678223,0.085614554584026337,0.0097301928326487541,0.0020880382508039474,0.0007366234203800559,0.014591967687010765,0.017695140093564987,0.006741310004144907,0.025083094835281372,0.012640428729355335,0.022292857989668846,0.89458483457565308,0.0035457115154713392,0.80339497327804565,0.19660505652427673,0.0062360339798033237,0.018677348271012306,0.94028472900390625,0.0348019078373909,0.01030315924435854,0.0032658763229846954,0.95423537492752075,0.032195571810007095,0.70936691761016846,0.22025188803672791,0.070381179451942444,0.40366172790527344,0.0006665710243396461,0.59567165374755859,0.31343856453895569,0.6865614652633667,0.22025051712989807,0.77974945306777954,0.4362373948097229,0.5637626051902771,0.24310144782066345,0.75689852237701416,0.7305113673210144,0.26948866248130798,0.77191692590713501,0.2280830591917038,0.71089714765548706,0.28910282254219055,0.9855913519859314,0.014408660121262074
184,TH-17640064651581,TH-19406,TH,463786,0,80,2,4.6296676575884792,2.4069451083182885,6.6818882729192008,2.9719924689926898,0,0,1.0006593471929883,0.0016438787611156649,0,0,9.1119019999999988,99.284341999999995,1,0,0,1.9015403338180123e-05,0,,0,1295.9529925010315,0,2,5,0,2,0.40000000000000002,2.8569035780886409,1,0,0.8571428571428571,0.5714285714285714,0,1,0,3,0,0.1171160489320755,-0.18341031670570374,0.14214825630187988,0.14446552097797394,-0.042473100125789642,-0.043857898563146591,0.010903303511440754,0.091565258800983429,0.0035159827675670385,-0.0071090040728449821,-0.035605613142251968,-0.033644698560237885,0.035375647246837616,-0.042952951043844223,-0.025163194164633751,0.033701363950967789,0.020348919555544853,0.02228364534676075,-0.039704706519842148,-0.04391629621386528,0.036117523908615112,-0.011343053542077541,-0.045176871120929718,0.016065752133727074,-0.0027245883829891682,-0.011088802479207516,0.027674010023474693,0.0015362522099167109,0.0066161514259874821,0.020066777244210243,0.02561788447201252,0.0031641481909900904,1,0.25742575526237488,0.18685320019721985,0.1621544361114502,0.18126125633716583,0.21230535209178925,0.23967359960079193,0.59120368957519531,0.039797969162464142,0.039447762072086334,0.089877009391784668,0.33489817380905151,0.07462707906961441,0.54675090312957764,0.043723888695240021,0.00065659807296469808,0.0017132244538515806,0.010921558365225792,0.05158647894859314,0.021511074155569077,0.021873975172638893,0.15104250609874725,0.14851744472980499,0.58483749628067017,0.0073396200314164162,0.83658993244171143,0.068065285682678223,0.085614554584026337,0.0097301928326487541,0.0020880382508039474,0.0007366234203800559,0.014591967687010765,0.017695140093564987,0.006741310004144907,0.025083094835281372,0.012640428729355335,0.022292857989668846,0.89458483457565308,0.0035457115154713392,0.80339497327804565,0.19660505652427673,0.0062360339798033237,0.018677348271012306,0.94028472900390625,0.0348019078373909,0.01030315924435854,0.0032658763229846954,0.95423537492752075,0.032195571810007095,0.70936691761016846,0.22025188803672791,0.070381179451942444,0.40366172790527344,0.0006665710243396461,0.59567165374755859,0.31343856453895569,0.6865614652633667,0.22025051712989807,0.77974945306777954,0.4362373948097229,0.5637626051902771,0.24310144782066345,0.75689852237701416,0.7305113673210144,0.26948866248130798,0.77191692590713501,0.2280830591917038,0.71089714765548706,0.28910282254219055,0.9855913519859314,0.014408660121262074
185,TH--17640064140390,TH-19359,TH,79253,0,90,4,5.3731001109917225,1.1314021114911004,4.8392621603839103,1.2693940023981676,0,0,1.0071684280646269,0.0015830486744754296,0,0,9.0920037499999999,99.253619999999998,1,0,0,1.9015403338180123e-05,0,,0,2343.3236665252402,0,1,9,4,2,0.22222222222222221,2.5257943240728458,1.5,0,0.83333333333333337,0.5,0.33333333333333331,0.66666666666666663,0,1.5,0.33333333333333331,-0.067777015268802643,-0.12635189294815063,-0.061461132019758224,0.13601633906364441,-0.087312065064907074,-0.00061407685279846191,-0.059828530997037888,0.09530862420797348,-0.021187573671340942,-0.019332321360707283,-0.084192730486392975,-0.097804129123687744,0.027605200186371803,-0.035964693874120712,-0.044816438108682632,0.039731893688440323,0.01569502055644989,0.03760930523276329,-0.018725737929344177,0.012110799551010132,0.0035130667965859175,-0.012543325312435627,-0.013507246971130371,0.01150734256953001,0.010675273835659027,-0.03942214697599411,0.011873836629092693,-0.0030167053919285536,0.014250408858060837,0.023589307442307472,0.04735507071018219,0.0096497563645243645,1,0.3822300136089325,0.2374071478843689,0.077887438237667084,0.12398303300142288,0.17849241197109222,0.493856281042099,0.48057588934898376,0.0050531285814940929,0.0080285901203751564,0.012486118823289871,0.16177926957607269,0.13692246377468109,0.46737608313560486,0.23392216861248016,0.00032450282014906406,0.012311683036386967,0.017267582938075066,0.012859455309808254,0.025070065632462502,0.028713813051581383,0.50476974248886108,0.16421438753604889,0.21827106177806854,0.016197703778743744,0.032066855579614639,0.77541524171829224,0.12684351205825806,0.065674386918544769,0.00090927811106666923,2.3511571271228604e-05,0.024419529363512993,0.03844139352440834,0.028141168877482414,0.051724087446928024,0.018876178190112114,0.036150682717561722,0.78879851102828979,0.012515652924776077,0.78734892606735229,0.2126510888338089,0.00013041392958257347,0.25783243775367737,0.72073072195053101,0.021306427195668221,0.037524595856666565,0.21474175155162811,0.51882416009902954,0.22890950739383698,0.42965376377105713,0.33750900626182556,0.2328372448682785,0.15577243268489838,3.1804869649931788e-05,0.84419578313827515,0.16187247633934021,0.83812755346298218,0.62586241960525513,0.3741375207901001,0.65908700227737427,0.34091296792030334,0.63778913021087646,0.36221086978912354,0.79647821187973022,0.20352177321910858,0.56253921985626221,0.43746080994606018,0.79150599241256714,0.20849402248859406,0.99692398309707642,0.0030759901273995638
186,TH-17640058162735,TH-38950,TH,51648,0,90,4,5.3353240921771325,3.039749158970765,5.8826319403514482,2.1916590311423625,1.3862943611198906,0.69314718055994529,1.0008318864177064,0.00067250646753819426,0,0,9.1222399999999997,99.218157500000004,1,0,0,1.9015403338180123e-05,0,,0,1764.3397928125864,0,2,7,0,2,0.2857142857142857,,,,,,,,,,,,,,,,,,,,,,,,,,,,,,,,,,,,,,,,,,,0,,,,,,,,,,,,,,,,,,,,,,,,,,,,,,,,,,,,,,,,,,,,,,,,,,,,,,,,,,,,,,,,,,,,,,
187,TH-17640065324161,TH-39108,TH,182525,0,90,5,5.500441550638171,0.87546873735389985,4.7278526659494666,1.2499179089480839,0,0,1.0965419771618143,0.0079270557339501096,0,0,9.1918468421052637,99.256683684210543,1,0,0,1.9015403338180123e-05,0,,0,1584.6432502692969,3,2,3,1,2,0.66666666666666663,2.4948439053768761,1.7857142857142858,0,1,1,0,0.8571428571428571,0,0.42857142857142855,1,-0.092649057507514954,-0.051058441400527954,-0.031314302235841751,-0.033385846763849258,-0.039734292775392532,-0.043985310941934586,-0.024555804207921028,0.040824182331562042,0.060418568551540375,-0.055637329816818237,0.023242276161909103,-0.03918413445353508,-0.08069988340139389,0.092291556298732758,0.023017758503556252,-0.045030396431684494,0.013472335413098335,0.020214853808283806,-0.024502323940396309,0.038161009550094604,-0.033403538167476654,0.010739703662693501,-0.0097463754937052727,-0.00087205215822905302,-0.0051143178716301918,0.026253895834088326,0.0029454338364303112,-0.013622726313769817,0.017802368849515915,-0.0094500649720430374,0.018470486626029015,-0.0031804421450942755,1,0.23825839161872864,0.63518887758255005,0.0080146007239818573,0.060396283864974976,0.058141890913248062,0.097262457013130188,0.88488870859146118,0.0016030283877626061,0.0089363725855946541,0.0073093888349831104,0.23557491600513458,0.4450036883354187,0.30068770051002502,0.018733734264969826,0.05045844241976738,0.0045048394240438938,0.020061170682311058,0.075375929474830627,0.032586496323347092,0.0037586844991892576,0.76545238494873047,0.020757397636771202,0.0062169283628463745,0.020827692002058029,0.26387196779251099,0.61736935377120972,0.090568415820598602,0.028190255165100098,0.039928406476974487,0.016983846202492714,0.043755035847425461,0.20989131927490234,0.14051413536071777,0.022124767303466797,0.12807737290859222,0.060901515185832977,0.080171681940555573,0.2576519250869751,0.57593685388565063,0.42406311631202698,0.084230437874794006,0.75134783983230591,0.1278298944234848,0.03659183531999588,0.057076346129179001,0.30738025903701782,0.42230033874511719,0.2132430374622345,0.94300144910812378,0.022205512970685959,0.03479304164648056,0.47733154892921448,0.15775465965270996,0.36491379141807556,0.15471117198467255,0.84528881311416626,0.41837167739868164,0.58162832260131836,0.56698167324066162,0.43301835656166077,0.69708412885665894,0.30291584134101868,0.80597078800201416,0.19402921199798584,0.42410704493522644,0.57589298486709595,0.76497191190719604,0.23502802848815918,0.96647089719772339,0.033529091626405716
188,TH-17640064018470,TH-39122,TH,30848,0,90,5,6.1410691950873213,1.410986973710262,4.4767564665191859,0.92640741467853627,0,0.69314718055994529,1.0000660083118087,6.2683830394445246e-05,0,0,9.0273266666666672,99.269223333333343,1,0,0,1.9015403338180123e-05,0,,0,6958.7417030667748,0,1,13,7,3,0.23076923076923078,2.4638156075631192,1.4285714285714286,0,1,0.8571428571428571,0,0.8571428571428571,0,0,1,-0.1208682656288147,-0.089665785431861877,0.048408407717943192,-0.10556300729513168,0.097082920372486115,-0.10465102642774582,-0.010472984984517097,0.032147917896509171,0.032044395804405212,0.036012120544910431,-0.012286891229450703,-0.058530706912279129,-0.049509052187204361,0.038613233715295792,-0.060383718460798264,-0.046992819756269455,0.0092747416347265244,0.0027023276779800653,-0.01381257176399231,0.036513444036245346,0.028792774304747581,-0.0065200659446418285,-1.7774957086658105e-05,0.018518898636102676,0.000669750792440027,0.01088683120906353,0.0031239560339599848,-0.025051241740584373,0.002259453060105443,0.019805070012807846,-0.022818952798843384,-0.019695153459906578,1,0.48919272422790527,0.37100249528884888,0.0059523363597691059,0.060017433017492294,0.073835000395774841,0.1975628137588501,0.79077541828155518,0.00030220416374504566,0.0060497140511870384,0.0053098276257514954,0.39530068635940552,0.15276029706001282,0.36113652586936951,0.090802483260631561,0.00012183466606074944,5.3646268497686833e-05,0.0032599586993455887,0.0013740705326199532,0.0047400826588273048,0.00032367880339734256,0.48267480731010437,0.033196363598108292,0.44165831804275513,0.032597258687019348,0.13128288090229034,0.70023620128631592,0.02795262448489666,0.14052830636501312,0.0012876904802396894,1.7923917766893283e-05,0.01784733310341835,0.04436788335442543,0.034739542752504349,0.030376497656106949,0.026221411302685738,0.037332039326429367,0.6487230658531189,0.15908659994602203,0.6506500244140625,0.34935000538825989,0.015271854586899281,0.53219395875930786,0.42110726237297058,0.03142692893743515,0.10774139314889908,0.34649613499641418,0.40695953369140625,0.1388029158115387,0.31979581713676453,0.10362361371517181,0.57658058404922485,0.4384860098361969,0.04883958026766777,0.51267445087432861,0.27456897497177124,0.72543102502822876,0.855427086353302,0.14457294344902039,0.63185775279998779,0.36814227700233459,0.64202851057052612,0.35797145962715149,0.83354038000106812,0.16645966470241547,0.28165239095687866,0.71834760904312134,0.87968236207962036,0.12031769752502441,0.99986410140991211,0.00013591686729341745
189,TH-17640064285917,TH-39187,TH,130824,0,80,3,5.1756411286805228,1.33500106673234,6.2708298862591967,2.5440768567675272,0,0,1.0000310170008546,9.5434949778950659e-05,0,0,9.1201100000000022,99.281056666666657,1,0,0,1.9015403338180123e-05,0,,0,1292.1364948994783,1,2,5,3,2,0.40000000000000002,,,,,,,,,,,,,,,,,,,,,,,,,,,,,,,,,,,,,,,,,,,0,,,,,,,,,,,,,,,,,,,,,,,,,,,,,,,,,,,,,,,,,,,,,,,,,,,,,,,,,,,,,,,,,,,,,,
190,TH-17640064300829,TH-39195,TH,23508,0,80,5,5.5228199938998772,1.5686159179138452,7.0104330777333672,3.0681686125872871,0.69314718055994529,0,1,0,0,0,9.1124900000000011,99.290345000000002,1,0,0,1.9015403338180123e-05,0,,0,1323.6727690051071,0,3,5,0,3,0.59999999999999998,,,,,,,,,,,,,,,,,,,,,,,,,,,,,,,,,,,,,,,,,,,0,,,,,,,,,,,,,,,,,,,,,,,,,,,,,,,,,,,,,,,,,,,,,,,,,,,,,,,,,,,,,,,,,,,,,,
191,TH-17640064018765,TH-34076,TH,225270,0,90,5,5.596457066898652,0,4.395193052387933,0.90930548905052422,0,0,1.0128457253490253,0.0047769493041460095,0,0,9.1455212499999998,99.254373333333319,1,0,0,1.9015403338180123e-05,0,,0,2848.0576426182961,0,1,8,1,2,0.25,,,,,,,,,,,,,,,,,,,,,,,,,,,,,,,,,,,,,,,,,,,0,,,,,,,,,,,,,,,,,,,,,,,,,,,,,,,,,,,,,,,,,,,,,,,,,,,,,,,,,,,,,,,,,,,,,,
192,TH-17640064043781,TH-24184,TH,4724435,0,80,2,5.0353929452219823,2.7278528283983898,7.6858693961058568,4.2342705043425672,1.3862943611198906,1.791759469228055,1.0000660980194518,0.00055055891384648127,0,0,13.719618000000001,100.51133799999999,1,0,0,1.9015403338180123e-05,0,,0,1223.9133165072005,0,1,8,2,3,0.375,2.0513929249081881,1,0,1,0,0,1,0,3,0,0.19216778874397278,0.12670266628265381,0.18450000882148743,-0.11108405888080597,-0.18593382835388184,0.030984796583652496,0.1088789775967598,-0.095443211495876312,0.11107690632343292,0.05985606461763382,-0.049736607819795609,-0.09586111456155777,-0.0047913640737533569,0.12642991542816162,-0.085877478122711182,0.15785428881645203,0.14277979731559753,0.11290547251701355,-0.058219239115715027,0.073616288602352142,-0.11142535507678986,-0.057808205485343933,0.053195472806692123,-0.048637732863426208,0.048516817390918732,0.031024418771266937,-0.02896161749958992,-0.045538872480392456,-0.013438627123832703,-0.042172413319349289,0.0044357553124427795,0.014180652797222137,1,0.18109293282032013,0.071084007620811462,0.027502963319420815,0.59292501211166382,0.12739506363868713,0.63000154495239258,0.34607720375061035,0.0035871353466063738,0.014843539334833622,0.0054905940778553486,0.76951766014099121,0.0081150811165571213,0.062161564826965332,0.16020567715167999,4.4337964936858043e-05,0.0013430115068331361,0.0027369942981749773,0.0029016640037298203,0.0048108864575624466,0.0010662300046533346,0.97401183843612671,0.0052723283879458904,0.00053044967353343964,0.0072822361253201962,0.401966392993927,0.07603985071182251,0.043952304869890213,0.47804144024848938,6.3272011175286025e-05,0.00017990906781051308,0.0022124226670712233,0.0049780127592384815,0.0061251474544405937,0.00018436090613249689,0.98301583528518677,0.0017585563473403454,0.0002029227907769382,0.0012795851798728108,0.52293992042541504,0.47706010937690735,6.6726970544550568e-06,0.001308298553340137,0.99242144823074341,0.0062635596841573715,0.0019063316285610199,0.0036847703158855438,0.94151103496551514,0.05289783701300621,0.91861927509307861,0.063959658145904541,0.017421040683984756,0.046721473336219788,0.00010734279931057245,0.95317119359970093,0.016328010708093643,0.98367196321487427,0.28125014901161194,0.71874988079071045,0.52080070972442627,0.47919929027557373,0.57055097818374634,0.42944899201393127,0.55957913398742676,0.44042086601257324,0.95847123861312866,0.041528765112161636,0.44239607453346252,0.55760389566421509,0.99459505081176758,0.0054049622267484665
193,TH-17640064696008,TH-25412,TH,1457450,0,80,2,4.6191717056239048,1.6094379124341003,8.4656226802950751,4.7365499745332569,0,0,1,0,0,19.879144419893834,13.742165,100.63682,1,0,0,1.9015403338180123e-05,0,,0,504.47888928286767,4,2,6,3,2,0.33333333333333331,2.5077120249793179,1,0,1,1,0,1,0,3,0,-0.025341477245092392,0.31814491748809814,0.20526999235153198,0.10904477536678314,0.04130757600069046,0.025316618382930756,0.1284002810716629,-0.063375115394592285,-0.015007834881544113,-0.10678284615278244,-0.16928648948669434,0.025039553642272949,-0.076368644833564758,0.11832220852375031,-0.067009627819061279,-0.01855923980474472,-0.038323622196912766,-0.012043730355799198,-0.017675317823886871,0.053006105124950409,0.063815847039222717,-0.033757377415895462,0.039162453263998032,-0.0046799406409263611,-0.012425072491168976,-0.0023348703980445862,-0.041609592735767365,-0.063311278820037842,0.027361650019884109,0.039781514555215836,-0.03411439061164856,0.0070738941431045532,1,0.9313998818397522,0.024684146046638489,0.0014233940746635199,0.021847432479262352,0.020645122975111008,0.86569494009017944,0.071634486317634583,0.0026678016874939203,0.027744263410568237,0.032258518040180206,0.19473253190517426,0.021538050845265388,0.70136940479278564,0.08235999196767807,1.3070760360278655e-05,0.017320817336440086,0.010350143536925316,2.0647434212150984e-05,0.010675895027816296,0.0023761182092130184,0.011844255030155182,0.01962197944521904,0.91911947727203369,0.0086575914174318314,0.27657338976860046,0.19616103172302246,0.37091857194900513,0.15634702146053314,0.00028980252682231367,4.3972700950689614e-05,0.0071825641207396984,0.00056314602261409163,0.0028980912175029516,0.00091723614605143666,0.0086864735931158066,0.0029455453623086214,0.96964263916015625,0.0068305325694382191,0.62547010183334351,0.37452989816665649,0.19282142817974091,0.67057740688323975,0.05995863676071167,0.076642498373985291,0.59427458047866821,0.27126437425613403,0.028846733272075653,0.1056143194437027,0.30813291668891907,0.1998516321182251,0.49201545119285583,0.39562714099884033,0.0081561701372265816,0.59621667861938477,0.11634119600057602,0.88365882635116577,0.96526449918746948,0.034735515713691711,0.85241580009460449,0.14758419990539551,0.057832665741443634,0.94216734170913696,0.72968178987503052,0.27031821012496948,0.63066905736923218,0.36933094263076782,0.60827642679214478,0.39172357320785522,0.99560785293579102,0.0043921368196606636
194,TH-17640064465497,TH-16519,TH,405621,0,80,3,4.8725219919666216,4.6596583712721609,8.7893997593090862,5.0819027770754976,2.8332133440562162,2.3025850929940459,1.0005771549912488,0.0015901234410646461,0,0,13.766964999999999,100.64954375000001,1,0,0,1.9015403338180123e-05,0,,0,778.49030914706839,2,2,5,1,2,0.40000000000000002,3.00346454124058,1.0263157894736843,0,0.89473684210526316,0.52631578947368418,0,1,0.052631578947368418,3,0.10526315789473684,0.1216059997677803,0.0030927602201700211,0.15326753258705139,0.093381367623806,-0.056207966059446335,-0.1284077912569046,0.058119207620620728,0.0058724270202219486,-0.013547086156904697,0.012976222671568394,-0.052845403552055359,0.003222969826310873,0.019642120227217674,0.018937725573778152,-0.040079962462186813,0.0012491870438680053,0.014018393121659756,-0.0095596937462687492,0.00919354148209095,-0.0062974668107926846,-0.0087128551676869392,-0.013754528015851974,-0.0066528813913464546,0.031594760715961456,0.03317100927233696,0.01595907099545002,-0.009270835667848587,0.0060297665186226368,0.010095490142703056,0.0082042394205927849,0.0043390886858105659,0.0099587999284267426,1,0.35382065176963806,0.20472528040409088,0.16506688296794891,0.12076522409915924,0.1556219607591629,0.16627341508865356,0.40728449821472168,0.21548773348331451,0.082979537546634674,0.12797479331493378,0.54690200090408325,0.15039397776126862,0.17678534984588623,0.1259186714887619,0.0083001675084233284,0.043361209332942963,0.047084622085094452,0.049717321991920471,0.035543713718652725,0.022980654612183571,0.25670164823532104,0.22776448726654053,0.26467037200927734,0.043875820934772491,0.4765017032623291,0.34282571077346802,0.068762347102165222,0.11191024631261826,0.037962876260280609,0.014281782321631908,0.066100180149078369,0.050672240555286407,0.043879933655261993,0.052719667553901672,0.10298068821430206,0.085152387619018555,0.49917411804199219,0.04707615077495575,0.71693503856658936,0.28306493163108826,0.0080030094832181931,0.24771389365196228,0.69470113515853882,0.049581956118345261,0.018113868311047554,0.12573440372943878,0.81466346979141235,0.041488248854875565,0.74265450239181519,0.14326460659503937,0.11408088356256485,0.42684116959571838,0.028566574677824974,0.54459226131439209,0.18138077855110168,0.8186192512512207,0.62332731485366821,0.37667271494865417,0.58359897136688232,0.41640102863311768,0.26546153426170349,0.7345384955406189,0.75350528955459595,0.24649469554424286,0.65746331214904785,0.34253668785095215,0.68225717544555664,0.31774285435676575,0.98105639219284058,0.018943622708320618
195,TH--17640032203368,TH-55611,TH,863706,0,80,5,4.7491839461269958,2.9856819377004893,8.3096129773449849,4.5819844885081391,1.0986122886681096,0,1.0004765608126569,0.0017727058264686581,0,0,13.7279225,100.51864,1,0,0,1.9015403338180123e-05,0,,0,989.97420848155696,1,1,7,0,2,0.2857142857142857,3.1009148949190326,1,0,1,0,0,1,0,3,0,0.10158482193946838,-0.10912108421325684,0.21296074986457825,0.037854902446269989,0.079760991036891937,-0.069537200033664703,0.014024823904037476,-0.081672124564647675,0.001058727502822876,0.013531663455069065,-0.036893330514431,0.075977206230163574,0.087212510406970978,0.049329474568367004,-0.045508138835430145,-0.02621915191411972,0.043430671095848083,0.07682095468044281,0.0012782961130142212,0.0024608103558421135,0.027364730834960938,0.0062826666980981827,-0.046396616846323013,0.022853441536426544,-0.021565884351730347,-0.053877502679824829,-0.073906540870666504,-0.024155423045158386,-0.029594795778393745,0.047703146934509277,0.0071614906191825867,-0.0011740550398826599,1,0.59361469745635986,0.25023993849754333,0.024731678888201714,0.05287889763712883,0.078534789383411407,0.014937371946871281,0.67579889297485352,0.19409593939781189,0.0619053915143013,0.053262393921613693,0.66653937101364136,0.13718187808990479,0.18787996470928192,0.0083987675607204437,0.0025337024126201868,0.0039623836055397987,0.051503054797649384,0.0033239792101085186,0.042678806930780411,0.071467876434326172,0.013795836828649044,0.068414084613323212,0.58134031295776367,0.1609799712896347,0.47108590602874756,0.39461350440979004,0.13053631782531738,0.0037642493844032288,0.016573663800954819,0.00025573480525054038,0.071738749742507935,0.012979656457901001,0.10700947046279907,0.25965556502342224,0.025008846074342728,0.18539388477802277,0.23005619645118713,0.091328240931034088,0.65783673524856567,0.34216326475143433,0.00020513372146524489,0.11972800642251968,0.86883121728897095,0.011235668323934078,0.00019102770602330565,0.0017560612177476287,0.99244201183319092,0.0056109046563506126,0.95520377159118652,0.041856087744235992,0.0029401322826743126,0.56131219863891602,0.00013975227193441242,0.43854802846908569,0.18959617614746094,0.81040382385253906,0.70192825794219971,0.29807174205780029,0.6645352840423584,0.33546468615531921,0.50124675035476685,0.49875324964523315,0.71395301818847656,0.28604698181152344,0.97489720582962036,0.025102792307734489,0.78422641754150391,0.21577359735965729,1,3.4661404302305243e-10
196,TH-17640031956932,TH-35261,TH,1044221,0,80,5,4.7003894525690253,5.4406846078349584,8.2811327050750396,4.5776396809301696,3.044522437723423,2.4849066497880004,1.0006989952430114,0.0031344651319502553,0,0,13.725687142857144,100.52620428571429,1,0,0,1.9015403338180123e-05,0,,0,801.00001507812431,1,2,7,2,2,0.2857142857142857,3.2806752930544056,1,0,1,0,0,1,0,3,0,0.22200280427932739,-0.033035516738891602,0.1223493292927742,0.053710311651229858,-0.070852763950824738,-0.038847293704748154,0.081111937761306763,-0.072600632905960083,0.083876542747020721,-0.051027536392211914,-0.050405532121658325,0.074039675295352936,0.077437154948711395,0.16258950531482697,-0.057708192616701126,0.066340625286102295,0.082899264991283417,0.034941431134939194,-0.0050371387042105198,-0.029059434309601784,-0.015829190611839294,0.010212600231170654,-0.01352872047573328,0.0082652196288108826,0.014608914963901043,0.053558547049760818,-0.021510934457182884,-0.059228923171758652,-0.00584070710465312,0.065359711647033691,0.010572087951004505,0.036262992769479752,1,0.59068930149078369,0.19694650173187256,0.047163527458906174,0.094012416899204254,0.071188278496265411,0.01440590713173151,0.36497136950492859,0.36287286877632141,0.15997700393199921,0.097772844135761261,0.39283081889152527,0.045866355299949646,0.49019575119018555,0.071107082068920135,3.7731311749666929e-05,0.081735752522945404,0.021263837814331055,0.0015948278596624732,0.011052485555410385,0.0088141923770308495,0.070311769843101501,0.14167292416095734,0.48284292221069336,0.18067353963851929,0.45885899662971497,0.29270339012145996,0.1205376610159874,0.12789994478225708,0.00055202987277880311,0.012916685082018375,0.034344274550676346,0.00031815236434340477,0.014420551247894764,0.036507777869701385,0.20763802528381348,0.03669283539056778,0.55213737487792969,0.10447230935096741,0.65817946195602417,0.34182059764862061,0.030472911894321442,0.014042150229215622,0.86731076240539551,0.08817417174577713,0.00058456527767702937,0.017341127619147301,0.96317154169082642,0.018902750685811043,0.94574564695358276,0.051910966634750366,0.0023434089962393045,0.36285889148712158,0.033184114843606949,0.60395699739456177,0.34258231520652771,0.65741771459579468,0.74166107177734375,0.25833895802497864,0.7293890118598938,0.27061095833778381,0.051806900650262833,0.94819307327270508,0.81032514572143555,0.18967485427856445,0.9572111964225769,0.042788814753293991,0.6920468807220459,0.30795308947563171,0.99969267845153809,0.00030732122831977904
197,TH--17640031925505,TH-35411,TH,769796,0,80,5,4.8764941918270539,2.2300144001592104,9.3098591428161956,5.5758942725947609,0,1.0986122886681096,1.0092636843621483,0.0042302442770662946,0,7.7133962482974399,13.753701999999999,100.61561,1,1,0,7.6189661112623168e-05,0,0.5,2,460.68287901339443,5,2,4,1,2,0.5,2.73831314755243,1,0,1,0,0,1,0,3,0,0.061546817421913147,-0.16881057620048523,0.21086066961288452,-0.015572354197502136,0.034734033048152924,-0.072015747427940369,-0.019654840230941772,-0.011472244746983051,-0.073490224778652191,0.063972659409046173,-0.093828819692134857,0.019926309585571289,0.11923022568225861,0.0060790088027715683,-0.14344358444213867,0.0076863206923007965,0.044704165309667587,0.10215424001216888,-0.018251650035381317,0.013264372013509274,-0.032695941627025604,-0.0010910406708717346,0.042488526552915573,0.0036817863583564758,0.036005057394504547,-0.024489983916282654,-0.070842534303665161,-0.040749445557594299,-0.073834575712680817,0.011339589953422546,0.029182456433773041,-0.0013793446123600006,1,0.24072864651679993,0.25886017084121704,0.2559090256690979,0.08056032657623291,0.16394184529781342,0.005056723952293396,0.69196921586990356,0.052838362753391266,0.070397637784481049,0.17973808944225311,0.50272303819656372,0.0070877838879823685,0.4798474907875061,0.010341663844883442,6.3347656578116585e-06,0.00051399337826296687,0.019150175154209137,0.0046709482558071613,0.007638953160494566,0.00073253951268270612,0.53676313161849976,0.077329173684120178,0.33343732357025146,0.019757412374019623,0.23853720724582672,0.37292703986167908,0.11311131715774536,0.27542442083358765,0.0001374011771986261,0.00020618470443878323,0.098138876259326935,0.012386809103190899,0.053886547684669495,0.24857363104820251,0.0156880933791399,0.30489692091941833,0.17066018283367157,0.095425359904766083,0.83788824081420898,0.16211175918579102,1.1621664270933252e-05,0.061879526823759079,0.93354165554046631,0.0045672119595110416,0.00062712864018976688,0.0025714084040373564,0.96414309740066528,0.032658349722623825,0.77815455198287964,0.15166552364826202,0.070179939270019531,0.040292695164680481,4.3894528971577529e-06,0.95970290899276733,0.065635278820991516,0.93436473608016968,0.72458922863006592,0.27541077136993408,0.68348687887191772,0.31651315093040466,0.48348468542098999,0.51651531457901001,0.84910118579864502,0.15089881420135498,0.9884076714515686,0.011592354625463486,0.86100852489471436,0.13899147510528564,1,7.7002182408136832e-09
198,TH-17640065219248,TH-36531,TH,342485,0,80,2,4.7898223581203281,1.2237754316221157,7.0959656191078819,3.3689683580067635,0,0.69314718055994529,1.0000006104336943,2.3982919008027595e-05,0,8.3846485892654048,9.1094066666666667,99.234906666666674,1,0,0,1.9015403338180123e-05,0,,0,561.70774217528685,3,2,4,0,2,0.5,,,,,,,,,,,,,,,,,,,,,,,,,,,,,,,,,,,,,,,,,,,0,,,,,,,,,,,,,,,,,,,,,,,,,,,,,,,,,,,,,,,,,,,,,,,,,,,,,,,,,,,,,,,,,,,,,,
199,TH-17640061038006,TH-38997,TH,16630,0,90,5,4.786157519768909,0.53062825106217038,4.2762109971239113,1.0534611147516395,0,0,1,0,0,0,9.1610399999999998,99.224559999999997,1,0,0,1.9015403338180123e-05,0,,0,3085.1038862225196,0,2,7,3,3,0.42857142857142855,,,,,,,,,,,,,,,,,,,,,,,,,,,,,,,,,,,,,,,,,,,0,,,,,,,,,,,,,,,,,,,,,,,,,,,,,,,,,,,,,,,,,,,,,,,,,,,,,,,,,,,,,,,,,,,,,,
200,TH-17640065324004,TH-39022,TH,174541,0,90,5,4.9592718218076977,1.33500106673234,5.0947583087641393,1.6202017956887369,0,0,1.0178641774163613,0.0060634197818417524,0,14.080754381243208,9.1917011111111115,99.250984444444441,1,1,0,7.6189661112623168e-05,0,0.5,2,1382.4839168301512,3,3,4,2,3,0.75,2.5382905987341617,2,0,1,1,0,1,0,0,1,-0.071705356240272522,-0.097676068544387817,0.0017747990787029266,-0.067224323749542236,0.028592370450496674,-0.076878294348716736,-0.020225971937179565,0.068419419229030609,0.048565506935119629,-0.082711659371852875,0.09312409907579422,-0.042360216379165649,-0.085381865501403809,0.065587177872657776,0.027975156903266907,-0.033808030188083649,0.044451367110013962,-0.013143465854227543,0.012622551992535591,0.057305805385112762,-0.0093621090054512024,0.018128389492630959,0.0021382682025432587,0.028753958642482758,-0.00042250752449035645,0.037096388638019562,0.022041862830519676,-0.0081306546926498413,0.010696707293391228,-0.035168122500181198,0.0271710604429245,0.021942853927612305,1,0.028329096734523773,0.8802526593208313,0.02323421835899353,0.035445500165224075,0.032738510519266129,0.46607860922813416,0.52306836843490601,0.00035943431430496275,0.0067843054421246052,0.0037092606071382761,0.33888193964958191,0.093130908906459808,0.51673799753189087,0.051249139010906219,0.04486672580242157,1.8973132682731375e-05,0.0066919033415615559,0.0033283233642578125,0.0095778629183769226,0.0013559788931161165,0.89902669191360474,0.0011522653512656689,0.0044554141350090504,0.029525879770517349,0.18228194117546082,0.39905399084091187,0.22535738348960876,0.19330668449401855,0.020586377009749413,0.00074475986184552312,0.031867135316133499,0.44499868154525757,0.18289482593536377,0.010957307182252407,0.030863227322697639,0.039061032235622406,0.033317044377326965,0.20470958948135376,0.68525385856628418,0.31474617123603821,0.03291643038392067,0.68462800979614258,0.22245128452777863,0.060004249215126038,0.019132044166326523,0.61075496673583984,0.14901885390281677,0.22109411656856537,0.61874496936798096,0.20589467883110046,0.17536036670207977,0.52870506048202515,0.066380642354488373,0.40491428971290588,0.17898474633693695,0.82101523876190186,0.52252906560897827,0.47747093439102173,0.39252841472625732,0.60747158527374268,0.89873975515365601,0.10126025229692459,0.81714767217636108,0.18285232782363892,0.035295214504003525,0.96470481157302856,0.68698102235794067,0.31301894783973694,0.90806031227111816,0.09193970263004303
201,TH--17640065324004,TH-39022,TH,147222,0,90,5,4.9592718218076977,1.33500106673234,5.0947583087641393,1.6202017956887369,0,0,1.0178641774163613,0.0060634197818417541,0,14.080754381243208,9.1917011111111098,99.250984444444441,1,1,0,7.6189661112623168e-05,0,0.5,2,1382.4839168301512,3,0,0,0,0,,2.5382905987341617,2,0,1,1,0,1,0,0,1,-0.071705356240272522,-0.097676068544387817,0.0017747990787029266,-0.067224323749542236,0.028592370450496674,-0.076878294348716736,-0.020225971937179565,0.068419419229030609,0.048565506935119629,-0.082711659371852875,0.09312409907579422,-0.042360216379165649,-0.085381865501403809,0.065587177872657776,0.027975156903266907,-0.033808030188083649,0.044451367110013962,-0.013143465854227543,0.012622551992535591,0.057305805385112762,-0.0093621090054512024,0.018128389492630959,0.0021382682025432587,0.028753958642482758,-0.00042250752449035645,0.037096388638019562,0.022041862830519676,-0.0081306546926498413,0.010696707293391228,-0.035168122500181198,0.0271710604429245,0.021942853927612305,1,0.028329096734523773,0.8802526593208313,0.02323421835899353,0.035445500165224075,0.032738510519266129,0.46607860922813416,0.52306836843490601,0.00035943431430496275,0.0067843054421246052,0.0037092606071382761,0.33888193964958191,0.093130908906459808,0.51673799753189087,0.051249139010906219,0.04486672580242157,1.8973132682731375e-05,0.0066919033415615559,0.0033283233642578125,0.0095778629183769226,0.0013559788931161165,0.89902669191360474,0.0011522653512656689,0.0044554141350090504,0.029525879770517349,0.18228194117546082,0.39905399084091187,0.22535738348960876,0.19330668449401855,0.020586377009749413,0.00074475986184552312,0.031867135316133499,0.44499868154525757,0.18289482593536377,0.010957307182252407,0.030863227322697639,0.039061032235622406,0.033317044377326965,0.20470958948135376,0.68525385856628418,0.31474617123603821,0.03291643038392067,0.68462800979614258,0.22245128452777863,0.060004249215126038,0.019132044166326523,0.61075496673583984,0.14901885390281677,0.22109411656856537,0.61874496936798096,0.20589467883110046,0.17536036670207977,0.52870506048202515,0.066380642354488373,0.40491428971290588,0.17898474633693695,0.82101523876190186,0.52252906560897827,0.47747093439102173,0.39252841472625732,0.60747158527374268,0.89873975515365601,0.10126025229692459,0.81714767217636108,0.18285232782363892,0.035295214504003525,0.96470481157302856,0.68698102235794067,0.31301894783973694,0.90806031227111816,0.09193970263004303
202,TH--17640058236848,,TH,641229,0,80,3,5.139556074163095,,7.2879328419945706,3.5327201125379979,,,1.0238020576163946,0.0032898875380833565,0,0,9.1282216666666667,99.31409166666667,1,0,0,1.9015403338180123e-05,0,,0,1260.4560757340696,3,2,5,0,2,0.40000000000000002,,,,,,,,,,,,,,,,,,,,,,,,,,,,,,,,,,,,,,,,,,,0,,,,,,,,,,,,,,,,,,,,,,,,,,,,,,,,,,,,,,,,,,,,,,,,,,,,,,,,,,,,,,,,,,,,,,
203,TH--17640057932671,,TH,585866,0,80,3,4.8693021179796121,,7.6354255805970741,3.9409905472395104,,,1.0004128332871605,0.0005401916612497226,0,0,9.1262899999999991,99.312789999999993,1,0,0,1.9015403338180123e-05,0,,0,1464.4534936893037,1,2,6,1,2,0.33333333333333331,,,,,,,,,,,,,,,,,,,,,,,,,,,,,,,,,,,,,,,,,,,0,,,,,,,,,,,,,,,,,,,,,,,,,,,,,,,,,,,,,,,,,,,,,,,,,,,,,,,,,,,,,,,,,,,,,,
204,TH-17640031488362,,TH,2260724,0,80,2,5.5206205648645534,,8.1081888195410148,4.1534309361026365,,,1.00028214335473,0.00067211745766147118,0,0,13.728461111111111,100.53889777777778,1,0,0,1.9015403338180123e-05,0,,0,509.83235057834463,4,2,5,1,3,0.59999999999999998,,,,,,,,,,,,,,,,,,,,,,,,,,,,,,,,,,,,,,,,,,,0,,,,,,,,,,,,,,,,,,,,,,,,,,,,,,,,,,,,,,,,,,,,,,,,,,,,,,,,,,,,,,,,,,,,,,
205,TH-17640031970333,TH-16886,TH,1457276,0,80,3,4.7410114088995048,3.713572066704308,9.4303520849609495,5.6725168412028886,1.0986122886681096,1.0986122886681096,1.0000025047284486,3.9533481573018864e-05,0,8.8300278041589202,13.762320000000001,100.64261666666668,1,0,0,1.9015403338180123e-05,0,,0,458.52450202068349,5,2,4,1,2,0.5,,,,,,,,,,,,,,,,,,,,,,,,,,,,,,,,,,,,,,,,,,,0,,,,,,,,,,,,,,,,,,,,,,,,,,,,,,,,,,,,,,,,,,,,,,,,,,,,,,,,,,,,,,,,,,,,,,
